File,InSNR,OutSNR,InSISDR,OutSISDR,InSegSNR,OutSegSNR,OracleSISDR,dSNR,dSISDR,dSegSNR,MaskMean,MaskMin,MaskMax
1,15.479364226242,22.1803522937577,15.4759787481844,22.6612433129718,6.58158010460461,10.6407284753449,25.9695667090141,6.70098806751565,7.18526456478738,4.05914837074025,0.676534656002482,0.0459433235228062,0.98701024055481
2,11.3148995510256,20.3590052601602,11.3240572807479,20.6422181023127,6.17952522059038,13.5562554177987,23.0361227667583,9.0441057091346,9.31816082156479,7.37673019720829,0.729282055862503,0.0502799786627293,0.988545477390289
3,6.71924963594158,19.3236998912923,6.73620447918023,19.522172277722,1.8551721941688,11.0036957147125,21.8406045871179,12.6044502553508,12.7859677985418,9.14852352054375,0.750660093666461,0.0550821498036385,0.988698899745941
4,1.85468591311891,11.4573827844172,1.85750993776067,11.1488995293943,-0.229604562361472,8.10884352322167,16.5663750990333,9.60269687129829,9.2913895916336,8.33844808558314,0.559994421218543,0.0135002443566918,0.988896131515503
5,16.8572579439847,20.7418103754393,16.8493278464034,21.1910831387782,10.7344693842109,13.3816792237352,24.5288659214375,3.88455243145463,4.3417552923748,2.64720983952421,0.610986508871721,0.0156584084033966,0.988061189651489
6,11.8137740640439,15.9004199550534,11.8092654250992,15.8343117025843,6.2946425180713,9.883103156561,19.8644182920584,4.08664589100955,4.02504627748519,3.5884606384897,0.541729123189805,0.00858297757804394,0.988220930099487
7,6.78850285622757,16.6659062975653,6.77186215124068,16.6445428226663,3.38279218987866,10.048820612841,19.8325320593462,9.87740344133768,9.87268067142559,6.66602842296239,0.526940603361374,0.0131091121584177,0.989714026451111
8,0.906775783602215,7.58214409178574,0.882095169762477,6.75036653388759,-4.15080037823893,1.06375194631435,10.367987468098,6.67536830818352,5.86827136412512,5.21455232455328,0.214943911263335,0.00955085270106792,0.974892735481262
9,16.8094356784463,19.9327673279554,16.8049110119398,20.1514897720122,9.68309680100628,12.6216580325524,22.9041970780302,3.1233316495091,3.34657876007243,2.9385612315461,0.61283103628812,0.00907491613179445,0.986912131309509
10,11.8996031930061,16.8804642322284,11.9073447011162,16.8429208019495,6.04005153118233,10.4890330313755,19.4498651633684,4.98086103922232,4.93557610083324,4.4489815001932,0.628026232604215,0.0319456718862057,0.990097045898438
11,6.79970261705718,12.9944871433803,6.80519049657061,12.7857597927042,0.856281937608611,7.03160423237505,15.8788585688137,6.19478452632314,5.98056929613357,6.17532229476644,0.491364009214981,0.00912196468561888,0.989220798015594
12,1.99412243324793,11.7901977881895,1.92922208677088,11.6909659545167,-1.34965901089596,6.94965671604564,15.4575488056478,9.79607535494156,9.76174386774578,8.29931572694159,0.396398865964578,0.0127576552331448,0.984236717224121
13,16.952719809337,22.3197064976495,16.951407672394,22.9509038056476,11.7842329676361,16.0742105694473,26.5046950720531,5.36698668831244,5.9994961332536,4.28997760181125,0.79118878034596,0.0628392025828362,0.98713082075119
14,11.9939904143484,20.3778276472913,11.9966426301861,20.7160771051877,7.44998909240509,14.6758547275765,23.5407544305762,8.38383723294285,8.71943447500156,7.22586563517139,0.750803556783132,0.0585508160293102,0.988801956176758
15,6.43722716697433,18.4612691625152,6.44262376099897,18.6044042035143,0.872288851938955,9.87838778194976,23.0928254698394,12.0240419955409,12.1617804425153,9.00609893001081,0.692525335671939,0.0488759092986584,0.98819762468338
16,2.05206544577868,17.3329580278582,2.06261313273357,17.5897970444408,-0.665864580819199,11.0810326385054,20.2547245033329,15.2808925820795,15.5271839117072,11.7468972193246,0.660763028691818,0.0330096855759621,0.989424169063568
17,16.2393505548687,19.8762896443295,16.2397053875865,20.1830833490052,8.51541190730292,11.6037377497047,23.0246641652377,3.63693908946076,3.94337796141869,3.08832584240179,0.625435059873546,0.0354494079947472,0.987596392631531
18,11.9152053906483,20.2670038141871,11.9188937595594,20.5276404379275,8.18394965534726,13.5399638291759,23.7060477968074,8.35179842353883,8.60874667836812,5.35601417382868,0.729383199110554,0.0334493517875671,0.988668262958527
19,7.01015066960513,14.6227015662876,6.9953024578854,14.474954563332,3.28786537542567,9.65489815157142,17.7513773802011,7.61255089668246,7.47965210544656,6.36703277614575,0.653440118393252,0.0306783225387335,0.989343881607056
20,1.97561647689246,12.2384340208234,1.99366485890784,11.9718596665151,-1.56282031520129,6.42812612390035,15.2430689755976,10.2628175439309,9.97819480760727,7.99094643910164,0.483426750527324,0.0133298188447952,0.988760769367218
21,16.8045893157933,22.6379808411142,16.8091338176404,23.211682847822,12.3480225697704,17.1649016572595,25.6186718789246,5.83339152532093,6.40254903018163,4.81687908748907,0.764418550683792,0.0771099776029587,0.988296210765839
22,10.6383356230493,19.3153690263381,10.6414750269788,19.45675006183,2.08258729192275,9.52056622429481,22.9371870818098,8.67703340328884,8.81527503485112,7.43797893237206,0.624456372051507,0.0431067273020744,0.987230956554413
23,6.70738387851184,19.3722299927625,6.71269670523978,19.5284885356811,2.52101674008551,12.8521558900719,22.3660724300492,12.6648461142507,12.8157918304413,10.3311391499864,0.758642135426516,0.0532389804720879,0.989120841026306
24,0.213948315899846,14.9822305554058,0.204445546937864,14.9659614222573,-4.70668365665219,4.70349011109089,17.5935950104578,14.7682822395059,14.7615158753195,9.41017376774308,0.38015397123326,0.0164171252399683,0.988525867462158
25,16.4991836282827,19.6536460112063,16.5201382687734,19.7880204260853,6.98377569328414,10.4468151422941,23.3103102878968,3.15446238292361,3.2678821573119,3.46303944901,0.564914677599907,0.0154462847858667,0.987748801708221
26,11.7221693783337,18.6965652880853,11.7208427661342,18.7946800542952,6.67755013502967,11.5202320221615,22.4723512723539,6.97439590975158,7.07383728816107,4.84268188713181,0.628563952139438,0.0229748021811247,0.987151503562927
27,5.53497422647286,16.6286998069684,5.56273957289168,16.5851926259426,-1.42938716724178,6.95489412365773,19.9643018890396,11.0937255804955,11.0224530530509,8.38428129089951,0.448742817906323,0.00995673704892397,0.988138377666473
28,1.73807163503465,7.50697422259951,1.54288747746242,6.72612835020181,-1.66470909366945,3.46932809163849,10.451444122649,5.76890258756486,5.18324087273939,5.13403718530794,0.264075667247166,0.00901289097964764,0.962238311767578
29,14.9509808510009,19.5474236113312,14.9678888489636,19.6773492838992,2.88459661628028,7.64513990600474,22.4347023747194,4.59644276033025,4.70946043493552,4.76054328972446,0.440569131199957,0.0108168823644519,0.987906932830811
30,10.1364037805277,14.7593957565112,10.0743426633892,14.6450522339742,1.34440879199736,6.35322397208257,17.632235258261,4.6229919759835,4.57070957058502,5.00881518008522,0.433578772129696,0.00916018709540367,0.987039864063263
31,6.65383477325413,14.4759610242462,6.63843989240735,14.3693062715807,1.84324499227224,8.62099306277789,17.3826681393886,7.82212625099209,7.73086637917333,6.77774807050564,0.476036138805359,0.0104733156040311,0.988257944583893
32,1.48513664080962,8.36957993945528,1.58048405764257,7.69080201533223,-2.73955157509772,3.62307538366102,11.9182505707052,6.88444329864566,6.11031795768966,6.36262695875874,0.27234265318328,0.0091478955000639,0.985246121883392
33,16.5682881756104,22.7689358594517,16.5690732709705,23.4741781314913,10.4159693108687,15.278109731928,26.1766909777038,6.20064768384128,6.90510486052086,4.86214042105931,0.757694491105725,0.0568121671676636,0.987619519233704
34,10.9507944559264,19.7837981591302,10.9534136457078,19.9479787524841,2.68187060318601,10.0710582704021,22.3290920046524,8.83300370320374,8.99456510677633,7.38918766721612,0.735107143501617,0.0695324316620827,0.988475322723389
35,4.42500739118621,16.501943836838,4.43394565216726,16.5175620677786,-4.29492244601659,4.64961762411348,18.3570484946499,12.0769364456518,12.0836164156113,8.94454007013007,0.592921132242329,0.0285869706422091,0.989779829978943
36,0.514984651652354,16.2020667887154,0.483148954293688,16.2545316317949,-3.18657163000703,4.80103378005019,21.7552859718272,15.6870821370631,15.7713826775012,7.98760541005722,0.540395172829056,0.0353421755135059,0.988182961940765
37,15.8310302588698,19.6662018846522,15.8259217975744,20.0992488171208,5.91957125997628,8.98923312335067,23.6888990898619,3.83517162578239,4.27332701954644,3.06966186337438,0.645904073999966,0.0337641872465611,0.985869765281677
38,11.2423284387814,21.7420049659036,11.2370301350719,22.1357084326491,4.77809264635582,11.8941378594131,25.1102643947921,10.4996765271222,10.8986782975772,7.11604521305729,0.651940018804242,0.0330962985754013,0.988214135169983
39,5.842431113224,13.3724595788473,5.8807395537432,13.1726658568658,-1.81067232874448,4.42450040012036,15.6983053897129,7.53002846562326,7.29192630312262,6.23517272886484,0.417049738931546,0.0117191579192877,0.987973809242249
40,-0.168307484352928,10.685837864502,-0.266876995783001,10.3055676186297,-4.41388790074373,1.54963643063398,14.6526913252516,10.8541453488549,10.5724446144127,5.96352433137771,0.503991985126824,0.0137899359688163,0.984034061431885
41,14.3757612601997,21.8685550793359,14.3799272827962,22.339537951308,3.18650830438738,9.55209884758883,25.4199740929031,7.49279381913614,7.95961066851184,6.36559054320145,0.677986978252914,0.0477005541324615,0.986400485038757
42,9.92726940118382,18.2708330812614,9.90265958328139,18.3513311939624,-0.748187839928936,6.38716365271907,19.175290143551,8.34356368007761,8.44867161068105,7.13535149264801,0.573939112484744,0.0274263061583042,0.986980080604553
43,5.70228246747405,15.8719023360256,5.74089623719035,15.845688308133,-2.13518048825008,6.07527376221464,18.6055924286675,10.1696198685516,10.1047920709427,8.21045425046472,0.597975333853118,0.0341009125113487,0.987628817558289
44,-0.670059594148104,14.8430287183094,-0.650975211562782,14.8584522975461,-5.05201668093556,3.84638430035539,17.6585926132986,15.5130883124575,15.5094275091089,8.89840098129094,0.420411638426635,0.0122680449858308,0.988637030124664
45,16.4501191666853,21.3094837848846,16.4486700539166,21.6485227340572,10.680948266679,13.9433360768967,24.5571199265677,4.85936461819926,5.19985268014054,3.26238781021764,0.655899934092441,0.0140170566737652,0.986976206302643
46,10.5010127468407,15.2734261283703,10.4789206349049,15.1633695871263,1.14969975224706,6.09708972412003,19.4491530797266,4.7724133815296,4.68444895222143,4.94738997187296,0.454001706018532,0.0102218501269817,0.98609471321106
47,5.14290099954126,13.1113557337544,5.1587479248845,12.9895793654899,-3.40329433384465,2.01680533189346,17.1372420715864,7.96845473421319,7.83083144060545,5.42009966573811,0.28689338710323,0.0107240481302142,0.978228867053986
48,1.18200669281114,7.44728700471711,1.22819499266441,6.59740954593564,-3.18783125391276,2.17978473313274,10.740439061051,6.26528031190597,5.36921455327123,5.36761598704551,0.269212965862825,0.00878213811665773,0.963236510753632
49,15.4694224791273,19.8125958070033,15.454975246422,20.0631923419048,5.94868814430325,8.61773857103365,23.3502613733378,4.34317332787596,4.60821709548275,2.6690504267304,0.492494850342723,0.0132253980264068,0.986128568649292
50,11.712656858041,17.5042882318177,11.7121985668767,17.4989392735216,4.98128828674409,10.0794791379299,21.4525590625487,5.79163137377671,5.78674070664491,5.09819085118583,0.588126162571379,0.0128758568316698,0.989297747612
51,5.27425515927431,17.0568895179634,5.3031957085765,17.1270776350597,-1.79817434897746,7.19284326603053,18.6834006116683,11.7826343586891,11.8238819264832,8.99101761500799,0.397110522477989,0.0136536490172148,0.988499820232391
52,0.589166574478292,7.3614084941694,0.509265730319358,6.49563521655674,-4.10458992999083,1.06613023584748,11.3070430154931,6.77224191969111,5.98636948623738,5.17072016583831,0.241325987487949,0.00941284745931625,0.967239141464233
53,16.0795444686654,22.0171725240093,16.084491671156,22.6143468536923,7.40591605813866,12.8846834211104,25.2952707653638,5.93762805534395,6.52985518253629,5.47876736297177,0.779815337849691,0.0733532309532166,0.986866056919098
54,11.7375315752101,20.6028531318064,11.7327630764556,20.970882264746,7.98396828483616,14.8230863027211,25.1427854658704,8.86532155659632,9.23811918829038,6.83911801788491,0.771091361581684,0.0588274896144867,0.987254679203033
55,4.69194281505407,17.0359489401662,4.71549185410362,17.0755369447482,-3.27283488704357,5.14772940749499,19.5737494294658,12.3440061251121,12.3600450906445,8.42056429453856,0.652438647700928,0.0947610288858414,0.988475203514099
56,0.0965666588361938,16.0323533743509,0.101519950910769,16.2901857200172,-4.19881121554153,5.16511519973728,19.6652709821721,15.9357867155147,16.1886657691064,9.3639264152788,0.362059569013738,0.0155609203502536,0.989030182361603
57,16.5682397680188,19.8104223870734,16.5606530002905,20.0140871655162,8.67784389622948,11.8045139220392,22.8350379606965,3.24218261905469,3.45343416522567,3.12667002580971,0.697823429850178,0.0422829203307629,0.987904369831085
58,11.3985197739887,18.0589999927958,11.4034036551538,18.0678472359037,3.802138219216,8.72452778679057,22.3037353162124,6.66048021880708,6.66444358074994,4.92238956757456,0.623252682977613,0.0270028878003359,0.987859189510345
59,5.44717692516208,15.4716295545109,5.45363672991435,15.377262603617,-0.819968574823727,4.63221217163268,18.5735668929953,10.0244526293488,9.92362587370268,5.45218074645641,0.435546875401146,0.0180327259004116,0.987559854984283
60,0.881312955188769,13.9291384738969,0.98438360354956,13.7573477868852,-3.97364567015735,3.7913586647817,16.932298740222,13.0478255187081,12.7729641833356,7.76500433493904,0.415588629996603,0.0118713527917862,0.986737906932831
61,15.2031759605351,16.9748228453452,15.2481842589702,16.8964967460976,4.73554053015471,7.58637261110812,21.98551234694,1.77164688481011,1.64831248712739,2.85083208095341,0.601184705689373,0.0336535088717937,0.9866943359375
62,11.474758823447,20.0020800749022,11.4778953634363,20.2526194821656,6.6202468259819,13.0264558887493,23.5080976545524,8.52732125145522,8.77472411872923,6.40620906276745,0.694437873067056,0.036782793700695,0.987883150577545
63,6.27998902979822,18.0039117228037,6.27378231637915,18.1364862949379,0.699023381136047,9.00067407447152,21.2421280653336,11.7239226930055,11.8627039785588,8.30165069333547,0.654432358631414,0.0349567644298077,0.98820298910141
64,1.35584235961344,14.874693544896,1.34154000238722,14.7881320740661,-1.27651144172025,8.34169911354223,16.9978531900678,13.5188511852826,13.4465920716789,9.61821055526248,0.50318381358724,0.0210836417973042,0.989370703697205
65,16.363355585318,20.5487436811477,16.3686682051264,20.8353448308279,8.8212856091292,12.4320645841471,25.2021408990407,4.18538809582968,4.46667662570151,3.61077897501785,0.608780299637752,0.0189154967665672,0.988211929798126
66,11.2774615933956,17.1213319642321,11.2766287808144,17.1847655798227,4.75457844655773,9.76404023634224,20.6906810979724,5.84387037083649,5.90813679900829,5.00946178978451,0.561789310069423,0.0203646626323462,0.987005710601807
67,6.19737624113291,14.8252384604145,6.18519483731597,14.7029378445379,1.85299502197431,5.96943980140485,18.827223133726,8.62786221928163,8.51774300722194,4.11644477943054,0.45462902289136,0.0102476151660085,0.986286818981171
68,0.883925351999001,8.57613460520951,0.680039093655564,8.02984791516276,-3.1128390576243,2.49067430147817,12.0407721394014,7.69220925321051,7.3498088215072,5.60351335910247,0.32133470955243,0.00959157105535269,0.980625867843628
69,15.4331401559367,18.9028252139407,15.4463597713562,18.9850782848284,2.6205745873814,5.8237787392458,22.1275968623469,3.46968505800398,3.53871851347223,3.20320415186439,0.429710935187663,0.00968152098357677,0.985237419605255
70,11.2204999709582,20.5249415166017,11.2454203694159,20.6856599066349,1.6566702641249,8.60542132215116,23.4183626800937,9.30444154564356,9.44023953721899,6.94875105802626,0.460954083989654,0.0235652681440115,0.989147782325745
71,6.21290855695655,14.0460559024821,6.29668024657131,13.8780681126545,-0.29283507446412,5.78479428748077,16.9422945633552,7.83314734552555,7.58138786608321,6.07762936194489,0.423722120797013,0.0102674197405577,0.987005949020386
72,0.818985634904831,8.56245685109196,0.785790567884882,7.91579674388187,-3.46319048650457,1.82938351540799,11.4994240761247,7.74347121618713,7.13000617599699,5.29257400191255,0.344818098509736,0.0095195984467864,0.985570132732391
73,15.1339279752386,21.385572604669,15.133050720729,21.8691718134723,4.74898669322457,9.69340229985433,23.9890393288372,6.25164462943041,6.73612109274324,4.94441560662976,0.678658575720493,0.0718790292739868,0.986108720302582
74,11.0508976027722,19.8313414164431,11.0400915989721,20.0220986607493,2.88071974558057,9.82805719942161,24.489043594027,8.78044381367087,8.98200706177718,6.94733745384104,0.706422701758516,0.0711601227521896,0.988182842731476
75,5.90681671024692,18.2509425267038,5.88538813294402,18.6657235003246,0.528127978841124,10.0133654520992,21.7775418341504,12.3441258164569,12.7803353673806,9.48523747325813,0.55081671325141,0.0337109006941319,0.988255858421326
76,-0.708402748530707,16.1773279150621,-0.733179057822577,16.1416628940137,-5.76531363909196,2.08146929112569,19.2568196873081,16.8857306635928,16.8748419518363,7.84678293021765,0.410683230525701,0.0211428795009851,0.9890416264534
77,15.7420257436998,20.3067315886816,15.742538618568,20.5929025640271,7.767708239751,12.4589365444916,23.589292983738,4.56470584498172,4.85036394545913,4.69122830474055,0.617288339246716,0.0238925330340862,0.98419314622879
78,10.2860589917587,14.2274300766258,10.2918331469415,14.0603008624323,0.299209158873114,3.97484654047098,19.9630607349098,3.94137108486713,3.76846771549085,3.67563738159787,0.605529628930098,0.0203951168805361,0.985075652599335
79,5.42394571218467,15.6257423268813,5.44922988929955,15.5698877998047,0.491321436793956,6.69325806146692,18.3145784842019,10.2017966146967,10.1206579105052,6.20193662467296,0.440330833785033,0.0162442736327648,0.988044202327728
80,-0.305458417979611,12.9061670979292,-0.409160992576763,12.8218698790828,-4.04820529363856,3.46789388388296,16.2132853034414,13.2116255159088,13.2310308716595,7.51609917752151,0.314973372049936,0.0120808500796556,0.978794455528259
81,15.8373117099013,21.8551520939477,15.8300131521578,22.2039934204264,6.99759664859488,11.8498101065326,25.0201884511192,6.01784038404643,6.37398026826869,4.8522134579377,0.759753612611478,0.0429084040224552,0.987500131130219
82,10.7259539194859,18.6973138184363,10.7361131517176,18.7966179920199,3.10719856473496,8.87700036759909,23.9856079095458,7.97135989895038,8.06050484030235,5.76980180286413,0.714235139403154,0.0674917474389076,0.986999571323395
83,5.79641087736477,19.3520103318491,5.78246609212656,19.5307738999725,-0.133369067364383,9.67734347308352,22.81544848276,13.5555994544843,13.7483078078459,9.8107125404479,0.738761546496746,0.0566980056464672,0.989022016525269
84,1.45602811108424,17.0889575026721,1.49121086682436,17.2252976865211,-1.27104365477334,10.1047560246603,20.4949020015455,15.6329293915879,15.7340868196968,11.3757996794337,0.67567463508817,0.0337542630732059,0.988917946815491
85,16.2198246083934,18.4894852907785,16.2008632422783,18.7148678140609,7.77299070802808,11.162394101963,21.7300024611895,2.26966068238506,2.51400457178261,3.38940339393493,0.528817131794541,0.00970169436186552,0.986360669136047
86,11.3983816590814,17.7705227611904,11.3996824182537,17.8288651632523,5.02810780177485,9.19058271586494,21.4824294243713,6.37214110210896,6.42918274499865,4.1624749140901,0.560428352981346,0.0212995950132608,0.987197518348694
87,5.28138669723531,12.4314980731614,5.17028972339509,12.3073878562811,-0.85916105106705,4.48648768386139,15.9430281626246,7.15011137592614,7.13709813288605,5.34564873492844,0.353426232718344,0.00934690050780773,0.984464347362518
88,0.56259721466786,11.7180558118001,0.498445501385647,11.486581287567,-3.65353641638915,3.20676955173156,15.1144617735603,11.1554585971323,10.9881357861813,6.86030596812071,0.332506697891165,0.00922374799847603,0.984828770160675
89,16.1066580603,19.2414114515319,16.1240293755754,19.4324641091017,7.41315749237222,11.5926005329222,22.8757467437616,3.13475339123192,3.30843473352626,4.17944304054993,0.47831222540248,0.0111913420259953,0.987709283828735
90,11.4905124647593,16.9418613957929,11.4627043148313,17.0090292832437,4.25340042238147,9.20672914157355,19.5765034319901,5.45134893103356,5.54632496841238,4.95332871919208,0.461580228692291,0.00892499648034573,0.987563788890839
91,7.43960836824847,12.381134572587,7.39754496117634,12.3198621257765,2.98518851498177,8.23443038716996,15.0689417390167,4.94152620433851,4.9223171646002,5.24924187218819,0.303704436851668,0.0095584150403738,0.985270500183105
92,0.842256417161844,9.21549466661818,0.697863293076543,8.92370118498475,-4.51272870112609,2.85921236422223,13.2545186114516,8.37323824945634,8.22583789190821,7.37194106534832,0.218884184022366,0.0112886801362038,0.976786673069
93,16.3644927574525,20.7975347109097,16.3699646815144,21.0546508178624,8.22011855213724,12.1030225686128,24.1468968311199,4.43304195345717,4.68468613634796,3.88290401647557,0.740034054605188,0.0736294016242027,0.98883318901062
94,11.1140606064357,20.6724004903926,11.1183381430371,20.9965763596924,3.82675795925559,11.5018329886796,24.3760345543962,9.55833988395686,9.87823821665531,7.675075029424,0.647085545794646,0.0438949912786484,0.988860011100769
95,6.37583247364808,20.2207762584005,6.38238849128456,20.4595615434824,1.76455441690758,11.1647423698952,24.40352051457,13.8449437847525,14.0771730521978,9.40018795298761,0.683301183284654,0.0306325443089008,0.988949835300446
96,0.256709936531616,16.0344098154346,0.272790553054758,16.5804838859847,-4.49092004286669,5.63222906146974,18.9974068210579,15.777699878903,16.3076933329299,10.1231491043364,0.372800726522193,0.0248789973556995,0.986348867416382
97,15.7599864485,20.6825600991677,15.7563977795621,20.960520922542,4.81287220281917,9.10766597742191,23.8797712350028,4.92257365066776,5.20412314297993,4.29479377460274,0.623965513764469,0.0477978140115738,0.988697528839111
98,10.751109227022,18.5299951545165,10.7328949257566,18.6170965349638,2.47308997893817,8.90134425699312,20.8461545404983,7.77888592749455,7.88420160920716,6.42825427805495,0.628730753502936,0.0482073687016964,0.987083792686462
99,6.65342679520419,14.4720641028843,6.66612077349124,14.3217993765772,1.83972419391662,7.38937669890319,17.8799114305997,7.81863730768013,7.65567860308599,5.54965250498657,0.532278994414128,0.0159206911921501,0.988663733005524
100,1.27381011744928,13.1566679693608,1.26742603871647,12.9544527307529,-2.17481159429837,5.32476510269679,15.8309437428189,11.8828578519116,11.6870266920364,7.49957669699516,0.44440541038783,0.0111249024048448,0.988550007343292
101,15.4299817844707,19.0874011840501,15.4038828688265,19.3289969916984,5.65148697411853,8.93151633162504,21.0983177704578,3.65741939957934,3.92511412287193,3.28002935750651,0.682811633571467,0.0520069971680641,0.985359609127045
102,11.1524728130767,20.3932470765557,11.1423400347738,20.6746220778874,3.98262512996501,11.1478965854865,23.4981434031907,9.24077426347899,9.53228204311356,7.16527145552152,0.720151897895413,0.057570893317461,0.988487780094147
103,6.19601977270301,19.245094147237,6.18679973908494,19.4069476663582,0.44162851141564,10.1356858335621,21.2975776452797,13.049074374534,13.2201479272732,9.69405732214651,0.693868418431644,0.0367298163473606,0.988680720329285
104,0.461096569214558,16.7455689743723,0.470645999676829,16.9505402919348,-4.90865324999571,6.24321067097667,19.3621968067827,16.2844724051578,16.479894292258,11.1518639209724,0.471085622821163,0.0182156749069691,0.989802658557892
105,16.6033963708617,20.2050820084157,16.606081995911,20.4903248744372,9.94011397352282,13.3891195816883,25.799610900153,3.601685637554,3.88424287852626,3.44900560816546,0.659344153794335,0.0291018709540367,0.988675832748413
106,10.9505840374909,15.2637430040134,10.9879567521951,15.1357535699253,2.5390275343568,6.60496298779667,18.6411584126736,4.31315896652248,4.14779681773028,4.06593545343987,0.403943788055678,0.0083935558795929,0.987958788871765
107,5.40705074509019,15.6217921912184,5.35436537046419,15.5377936213228,0.0562545692748326,5.93351885060305,18.7752513948037,10.2147414461282,10.1834282508586,5.87726428132822,0.445923349547704,0.0135746076703072,0.987399578094482
108,-0.215776233502153,7.70805261616815,-0.258672135031304,6.94042830434762,-4.68617123921986,0.849989018916104,10.7544061952589,7.9238288496703,7.19910043937892,5.53616025813596,0.232564688334682,0.00963469035923481,0.977108478546143
109,16.8356282453262,20.351610426754,16.8383318757878,20.6938563822194,9.83345250044967,12.8713149913581,24.0645345072276,3.51598218142775,3.8555245064316,3.03786249090842,0.54496016961066,0.0195062886923552,0.98780745267868
110,11.4169802521976,17.1233607083275,11.4106333187037,17.1302113588369,4.7716661196005,9.52834539285631,19.9069148639787,5.70638045612986,5.71957804013315,4.75667927325581,0.466308878867998,0.0102580189704895,0.988976895809174
111,6.0067733499895,16.6939220259565,6.00862434949775,16.7344868711414,-0.51645809070213,6.52588360446554,19.8037859905181,10.687148675967,10.7258625216436,7.04234169516767,0.432570275034946,0.0248929411172867,0.988319516181946
112,1.72130749011346,9.71038055268148,1.7429274457258,9.22181560578467,-1.96480947302703,5.3616686940564,12.8721687591453,7.98907306256802,7.47888816005887,7.32647816708343,0.396639734669704,0.00914414413273335,0.985507667064667
113,16.3367307631057,21.8578004761608,16.3418418244216,22.4622166563743,8.18361567792466,12.3491504718512,26.2907128242124,5.52106971305509,6.12037483195269,4.16553479392657,0.779738726820301,0.0671024918556213,0.98735100030899
114,11.219876067786,19.503538329784,11.2344584005442,19.7900429485998,4.17001818943048,10.5701912941097,23.7871090269971,8.28366226199801,8.55558454805562,6.40017310467923,0.730899122337365,0.0656174048781395,0.988275170326233
115,4.95274203718242,18.1498250873749,4.93174714779122,18.2179186070828,-1.47849326145349,6.46783990796398,20.6836652500499,13.1970830501925,13.2861714592916,7.94633316941747,0.55667463186924,0.0623655766248703,0.98888087272644
116,1.52559514599337,11.9467704926756,1.48166396884598,11.6783940591066,-0.0889681221764378,10.7854561219275,20.4906253349679,10.4211753466822,10.1967300902606,10.8744242441039,0.679448799589365,0.0554068051278591,0.988642752170563
117,16.6914134093495,20.9948040356009,16.6902441875106,21.3500317607712,9.89704719812343,12.9368502733041,25.082529547158,4.30339062625143,4.65978757326063,3.03980307518066,0.742887952291761,0.0448663346469402,0.987415969371796
118,10.0708086463122,18.4588134512238,10.075111716895,18.5270800873877,1.78099596971806,7.90258053656648,21.3338823546779,8.38800480491158,8.45196837049273,6.12158456684842,0.475986830142495,0.0258010998368263,0.988587379455566
119,5.33476261224229,15.9813212590146,5.35937759121239,15.9525473071155,-1.57181771660983,5.93916509026966,18.9535133548257,10.6465586467723,10.5931697159031,7.51098280687949,0.438893472402985,0.015157732181251,0.989150643348694
120,0.902381159505642,12.0434038955766,1.03354424048975,11.7636739098075,-3.30324294504267,4.14943240396249,15.3516753855359,11.141022736071,10.7301296693178,7.45267534900516,0.429352627544497,0.0126029336825013,0.986868500709534
121,15.7330875908975,23.8423907489145,15.737877286707,24.5787252948916,5.94285542154529,12.0819083556877,26.8692674991094,8.10930315801698,8.84084800818451,6.13905293414243,0.763077530534513,0.0561356581747532,0.98705393075943
122,11.1439136674303,18.9806347383225,11.1291531178236,19.0898273713415,2.86771270666283,8.07944714336068,22.05405608366,7.8367210708922,7.96067425351796,5.21173443669785,0.540325656076253,0.0215141829103231,0.987920045852661
123,6.65247408302738,19.6696445970112,6.64039407111815,19.8570428623326,5.52048956629108,11.7786999049232,22.8587164894182,13.0171705139838,13.2166487912145,6.25821033863207,0.726518746120875,0.0579155385494232,0.988102495670319
124,1.23591815011822,15.3555917673339,1.25969707869538,15.2693008844495,-2.99420376467687,6.59802672176942,20.6421407478505,14.1196736172157,14.0096038057541,9.59223048644629,0.509542096802086,0.0172767955809832,0.988857507705688
125,16.4920155995304,20.1529624412348,16.484464193752,20.4346002887882,8.34995647646569,11.6811006816203,24.0754057680424,3.66094684170438,3.95013609503614,3.33114420515458,0.641328709506341,0.0258586928248405,0.987024784088135
126,10.6915329864209,15.8737688757231,10.7191728343099,15.7964543347385,3.10984055837215,8.17103906051865,19.320198016529,5.18223588930227,5.07728150042863,5.0611985021465,0.394145340521649,0.010830937884748,0.989273130893707
127,6.23187249249501,13.4873220324186,6.25378334568884,13.3000733524665,-0.342189861124647,6.05183847044256,16.6470542636544,7.25544953992356,7.04629000677763,6.39402833156721,0.418054653230534,0.0084201842546463,0.986505210399628
128,0.48259402292411,8.61918832627877,0.385742013498001,7.99390382258199,-5.11858240926627,-0.10654129391981,12.6678087839797,8.13659430335466,7.60816180908399,5.01204111534646,0.255007988183722,0.0111275995150208,0.982384204864502
129,15.5728227803218,19.7169518935597,15.5585092467045,19.8917546198954,4.54224573221712,8.34803254138883,22.4841415035113,4.14412911323794,4.33324537319088,3.80578680917171,0.471820518690262,0.0150620630010962,0.986596286296844
130,10.0880910019512,16.2736769190837,10.0715788715882,16.2210272480501,-1.61245734985412,4.00097824088767,18.5410608584623,6.18558591713247,6.14944837646185,5.61343559074179,0.32730836310519,0.00880099553614855,0.987258970737457
131,5.26113995214835,14.3043296097746,5.25861663536369,14.1429860726552,-3.07016620864061,4.14233733908787,16.4949363532774,9.04318965762627,8.88436943729146,7.21250354772847,0.327251594719022,0.0130364447832108,0.987912595272064
132,0.366929747227628,8.49151691011195,0.305712098589348,8.04620940478123,-4.09549209531182,4.24883442758969,14.4332727730379,8.12458716288432,7.74049730619188,8.34432652290151,0.230183994630654,0.0113183846697211,0.987679839134216
133,15.993293998622,23.1633368339495,15.9922325573937,23.6377754940666,6.66949770818972,11.9792205330234,27.182685154225,7.1700428353275,7.6455429366729,5.30972282483371,0.702683469460853,0.0581695027649403,0.986990988254547
134,10.1877018530636,20.7235816933876,10.1951541093038,21.0855149686039,1.3701402532722,9.70044449200955,22.2560414427447,10.535879840324,10.8903608593001,8.33030423873735,0.658573808803612,0.055270180106163,0.984920263290405
135,5.45314887775398,17.6853960951282,5.45019752584126,17.8589856579672,0.547168640606971,9.58701647005191,18.0444309180781,12.2322472173742,12.4087881321259,9.03984782944493,0.499992121764643,0.0366587713360786,0.98702746629715
136,1.87475089913784,14.6916328330994,1.79613793391346,14.8644702048804,-1.77100201979403,8.75806596061171,14.5924308186716,12.8168819339616,13.068332270967,10.5290679804057,0.612345175852225,0.0286071971058846,0.988205790519714
137,15.2799502990987,21.4607441575821,15.267035655168,21.7751263680974,3.82537798534156,8.32504890326173,25.2660078597408,6.18079385848339,6.50809071292939,4.49967091792017,0.512289783404292,0.0225831903517246,0.988106727600098
138,11.1005057858786,18.1711949809331,11.0614911961286,18.3030339828686,4.36001779625621,9.90027602718002,21.2948083701118,7.0706891950545,7.24154278674004,5.54025823092381,0.614149877069675,0.023504575714469,0.987857341766357
139,6.09444658814798,13.559275040148,6.08371638262676,13.3939505983739,0.234907226135487,6.5191367507557,15.7857826715473,7.46482845200005,7.31023421574717,6.28422952462022,0.430239164197607,0.0125790014863014,0.989113092422485
140,0.851102073096121,14.2206412809701,0.952267468805271,14.0532432033637,-3.12324627408982,5.74184045932297,16.3898745180735,13.369539207874,13.1009757345585,8.86508673341279,0.448807050695487,0.0170051287859678,0.989003002643585
141,16.3560231965327,21.8566603462769,16.3455458936782,22.3807341955271,9.75741546972699,14.0928631985136,23.6262661134476,5.50063714974421,6.03518830184889,4.33544772878656,0.768446747117807,0.0326843336224556,0.986946046352386
142,11.6097428978651,20.3311446796612,11.6119861101797,20.5499489891562,5.84980915653685,11.4707340973929,24.6144164729841,8.72140178179606,8.93796287897652,5.62092494085601,0.7454018701845,0.0497093945741653,0.987668931484222
143,5.87502519717039,19.7170690634366,5.87531689757846,19.9647796700422,-1.42651993864831,9.13071688994123,22.9363837817651,13.8420438662662,14.0894627724637,10.5572368285895,0.734493487244067,0.0688741952180862,0.988837599754333
144,1.33974277430014,16.1837619507963,1.328719252585,16.2938891027724,-3.43638964414052,7.01252507178076,19.6167729734154,14.8440191764961,14.9651698501874,10.4489147159213,0.523631044512685,0.0166156254708767,0.988878726959229
145,15.5996211340367,19.8027240810505,15.582721777048,19.994482973314,3.8932339768279,8.87436006124974,23.6768178161237,4.20310294701376,4.41176119626599,4.98112608442184,0.433732789163563,0.0107051804661751,0.986478209495544
146,10.7783745244302,16.1246510880741,10.7897427139694,16.2010938839049,2.07047762288397,6.86030517100221,19.1002900995964,5.34627656364384,5.41135116993552,4.78982754811825,0.421153336723432,0.00919616129249334,0.987406432628632
147,6.14429061589242,11.9633806053094,6.24123650726629,11.6782166820813,-1.26839540645344,4.41339462774304,15.1710683915835,5.81908998941701,5.436980174815,5.68179003419647,0.371009291606424,0.00896424055099487,0.985894083976746
148,1.25182402396488,4.76687981683092,1.1962210485233,3.79874647402329,-2.66047582681024,1.06649838382662,10.8108508798464,3.51505579286605,2.60252542549999,3.72697421063686,0.32269551509398,0.00964080262929201,0.984656155109406
149,15.936874698273,18.0369347940905,15.9684953825869,18.3420687813605,7.4016696764508,10.4204854811528,22.4351788700787,2.10006009581744,2.3735733987736,3.01881580470203,0.46767222139201,0.00953896902501583,0.987428605556488
150,11.5575460342257,16.3210386757876,11.5812836967554,16.3868972604768,5.21983846347196,9.31214949522174,19.5722931964421,4.7634926415619,4.80561356372141,4.09231103174977,0.463538311405681,0.00923477113246918,0.987071216106415
151,5.68073330619644,14.8476874258561,5.63607334534911,14.7396813379079,-2.19817639275268,2.61073358888505,18.8331688014181,9.16695411965964,9.10360799255883,4.80890998163773,0.302885128176783,0.0121509693562984,0.988361537456512
152,2.42887340946024,8.33060349617725,2.36845427138398,7.92470089917144,-1.410795304657,3.72717228977863,12.6258320022662,5.90173008671702,5.55624662778746,5.13796759443563,0.193483495505297,0.00940481200814247,0.978490054607391
153,16.3704103374037,22.4170645378191,16.368466722852,22.9443509159929,8.65785746421099,13.3683389079608,26.1694254352645,6.04665420041544,6.57588419314088,4.71048144374982,0.754110453598866,0.0670785456895828,0.986469626426697
154,10.2027575908532,23.7130803049101,10.2079626660882,24.4917974722737,0.676713682198881,11.2317715319178,26.0640036266033,13.5103227140569,14.2838348061854,10.5550578497189,0.605241957629425,0.0517940372228622,0.988641917705536
155,6.01061399054887,20.9009373479226,6.01248111241762,21.3631150651046,0.615155175869173,11.0827454997361,23.5523196599537,14.8903233573738,15.350633952687,10.467590323867,0.5625458532537,0.0303029045462608,0.988514840602875
156,1.17306603241869,16.5662875459806,1.2154054549875,16.6602315310969,-2.93227233456525,7.31000428853674,19.4093456073063,15.3932215135619,15.4448260761094,10.242276623102,0.603663323932284,0.0349724851548672,0.988856017589569
157,15.4750986862402,19.4667598242724,15.4504113373839,19.6668556262073,4.06207395778176,8.20953195273149,22.5201047254188,3.99166113803221,4.21644428882338,4.14745799494973,0.567813293724481,0.027711121365428,0.98718398809433
158,11.3270126322498,19.2454451317194,11.3177378577638,19.3944879565394,4.99132886642784,10.761554212735,22.340034644943,7.91843249946963,8.07675009877561,5.77022534630716,0.694551395959952,0.0237028077244759,0.98676609992981
159,6.59555367741011,15.4958253694114,6.60319767930881,15.3718688610258,1.90867051696508,8.07946247757611,18.8810898791157,8.90027169200126,8.76867118171696,6.17079196061103,0.592246395789638,0.0317166894674301,0.988829910755157
160,0.722648519091222,10.3652694459113,0.637403037666422,9.96756139583586,-3.41489385581952,4.02346024416219,12.5664154515325,9.64262092682008,9.33015835816944,7.43835409998171,0.35349645150085,0.0123785026371479,0.988333821296692
161,15.7780481988749,21.3229249553891,15.7695568045068,21.7642571858189,5.34049928598219,10.5592489958494,23.351735308605,5.5448767565142,5.99470038131208,5.21874970986719,0.723651568970307,0.0675511956214905,0.987348318099976
162,10.8671798122467,22.6925223721846,10.8718080404167,23.1892017135795,3.89707700117579,12.3437856540022,26.0903832256844,11.825342559938,12.3173936731628,8.44670865282636,0.713297137237713,0.0696849152445793,0.988588333129883
163,5.9312694402305,17.9584281604456,5.95878996597071,17.9635928026605,-1.53085816996779,6.99906450400128,21.6015750552218,12.0271587202151,12.0048028366898,8.52992267396907,0.615833364821436,0.035551805049181,0.988317668437958
164,0.939915609655785,14.7320958456881,0.951635669732142,14.7518868956341,-4.09673297924967,5.21411538971569,18.669178574395,13.7921802360324,13.800251225902,9.31084836896536,0.392425400278676,0.0118906553834677,0.989000797271729
165,16.5482513868738,20.9262703690535,16.545990120229,21.1683490005509,9.41223891666932,13.3919622974911,23.8740860458363,4.37801898217972,4.62235888032197,3.97972338082175,0.661363632731378,0.0284343995153904,0.98696380853653
166,11.4546198151452,14.7267392546193,11.4671179637268,14.6108587418775,3.34019028138235,6.79000058872975,18.5865306922381,3.27211943947414,3.14374077815062,3.4498103073474,0.435334583247819,0.0100141279399395,0.986721873283386
167,5.30812311543385,12.3282196365088,5.43739169948675,12.0964302162454,-3.06157375097269,2.38514196978881,15.4430044946745,7.02009652107493,6.6590385167586,5.44671572076151,0.259816695176204,0.00894606858491898,0.978924751281738
168,0.892128527027977,11.284492134123,0.891058250295285,11.0416958204261,-3.49757011198724,3.90213981011031,14.2963408569646,10.3923636070951,10.1506375701308,7.39970992209755,0.30158120531447,0.00998932216316462,0.975237429141998
169,16.6423431511718,20.6848246980407,16.64360417877,21.0101532048526,8.22392123848355,12.0599202281906,24.183412538938,4.04248154686892,4.36654902608263,3.835998989707,0.582823483157899,0.00922726932913065,0.988578915596008
170,11.4782285562966,16.2491678336275,11.4902513876853,16.159474239762,3.88754402736728,8.65882208909171,19.4986082728363,4.77093927733086,4.66922285207665,4.77127806172443,0.548748702331768,0.0097606023773551,0.987483263015747
171,5.76690640566935,14.1276343193002,5.74136153312181,14.0068978399767,-1.9537051577677,3.58428047073312,17.1136290268744,8.36072791363082,8.26553630685489,5.53798562850082,0.381181493012565,0.0108090424910188,0.98946624994278
172,1.39701120527311,7.57894725108978,1.34514926796927,7.04209759991087,-3.56521122041453,0.539534343593278,12.0588154585178,6.18193604581666,5.69694833194161,4.1047455640078,0.34930773369818,0.0135414516553283,0.984729945659637
173,14.9245475132098,22.4107498968363,14.9261903463349,22.7710599714971,3.59901263989388,9.87694439530611,25.2908962313248,7.48620238362654,7.84486962516223,6.27793175541223,0.679268241057097,0.0632473006844521,0.987843871116638
174,10.9336560307095,20.4625075841401,10.9238281454891,20.7156959136225,4.57162950596407,11.8318798453232,22.6104072989681,9.5288515534306,9.79186776813343,7.26025033935911,0.661513246118799,0.0400423184037209,0.98828399181366
175,6.32030079123589,20.139470208039,6.33864708061725,20.421596725357,1.161217779877,10.5919107723488,23.7915275882454,13.8191694168031,14.0829496447398,9.43069299247176,0.699340763509502,0.0846001505851746,0.989288687705994
176,0.237874420596717,9.7995006502748,0.209942183772266,9.33281854797527,-4.78492948705276,1.98907914990653,16.0182847081115,9.56162622967808,9.122876364203,6.77400863695929,0.317814761496302,0.0140342805534601,0.985555768013
177,14.9314080875861,20.1806751240628,14.9267790158571,20.5371209224107,3.00676285464824,7.28510696799064,23.651707057797,5.24926703647674,5.61034190655357,4.2783441133424,0.485885920913913,0.016120258718729,0.983726561069489
178,11.2520516693295,18.5495205642301,11.2490716162409,18.6771077955481,3.65371758180405,10.0792387907906,20.5966280669853,7.29746889490056,7.42803617930715,6.42552120898653,0.551286667432632,0.0182189326733351,0.98878026008606
179,6.16231797017923,12.7672283663841,6.10338392575149,12.5325217482301,0.445118858682544,5.46055378469127,17.2400868764067,6.60491039620491,6.42913782247866,5.01543492600873,0.524295661147457,0.0198296140879393,0.988551080226898
180,0.657829152912946,11.8477549610501,0.715461076107082,11.5837234453373,-3.77982113755773,1.97967431469789,15.3214112809465,11.1899258081372,10.8682623692303,5.75949545225562,0.37438114269746,0.0122793987393379,0.988072276115417
181,15.6024441001074,22.1571302367474,15.6023336900515,22.6250978491182,3.52205755488481,9.26021247092595,24.94759666542,6.55468613664006,7.02276415906664,5.73815491604114,0.701885502249237,0.086184985935688,0.988191545009613
182,10.9761661073439,20.4122424525222,10.9905120988426,20.8170140571016,2.82640610972483,10.7917276486937,23.6902102507583,9.43607634517828,9.82650195825902,7.96532153896887,0.677801375897345,0.0387017652392387,0.988446354866028
183,6.63753864136767,18.0133442496809,6.64702342964371,18.2097504306344,1.19071580579816,11.2038431260342,20.5175833804913,11.3758056083133,11.5627270009907,10.013127320236,0.661764724444349,0.0460126325488091,0.989057242870331
184,1.0205294760029,17.3178953905195,1.0471506506712,17.6959125715759,-2.30966298097094,8.0447837431274,22.1719665306628,16.2973659145166,16.6487619209047,10.3544467240983,0.539870138577417,0.0204348042607307,0.988808572292328
185,15.1761242014845,21.7420842117463,15.1894141006222,22.0500755127433,5.18717490208493,9.51675711954049,26.2323761789111,6.56596001026183,6.86066141212106,4.32958221745556,0.53470950761699,0.0269306469708681,0.987867116928101
186,11.381493139928,19.5198366842808,11.3837549748721,19.5988165857773,5.3960281727373,10.8741218234076,23.4225123017229,8.13834354435284,8.21506161090519,5.47809365067031,0.591468554247288,0.0159636903554201,0.988810420036316
187,5.59319022010256,14.1980327651447,5.5721058094664,14.0327545958292,-2.2556837990882,2.51419731334691,18.0539721017839,8.60484254504213,8.46064878636283,4.76988111243511,0.438798386588854,0.0102434670552611,0.988280534744263
188,1.19450564493862,10.6817448307528,1.20350441855351,10.2999279375579,-3.78074786686065,2.63644606093196,14.1812377234571,9.48723918581422,9.09642351900442,6.41719392779261,0.304457035480656,0.00942867062985897,0.975903272628784
189,16.3683674463625,21.8126562025636,16.3650467240086,22.1890116817415,7.66399769406647,12.499075809487,24.5659423409949,5.44428875620115,5.82396495773288,4.83507811542052,0.623039277267704,0.0229266416281462,0.988531708717346
190,11.4084962733699,17.4830099097091,11.4201002467491,17.5329085800051,3.57367831457141,8.64812525786457,20.9151113893445,6.07451363633918,6.11280833325594,5.07444694329315,0.516568531192191,0.0144584346562624,0.988541960716248
191,7.00773158634984,16.737984855906,7.01417653083464,16.8432751504976,1.67487148634596,9.28146237707361,19.558428661398,9.73025326955612,9.829098619663,7.60659089072765,0.457359409576307,0.0177140664309263,0.988872706890106
192,1.5122074626833,8.5020700850276,1.58239418838433,7.84282551915653,-3.35965388770033,1.47621555852118,12.7264983431333,6.9898626223443,6.2604313307722,4.83586944622151,0.20722622322035,0.0136553132906556,0.974512875080109
193,16.5395408166896,23.1507744735578,16.5383315021091,23.7740558364692,8.19865343119558,13.5657002908591,27.0270027555604,6.61123365686822,7.23572433436005,5.36704685966354,0.761290809732838,0.0538774579763412,0.988717198371887
194,10.6000282800448,21.1300140504794,10.601514357018,21.4781371339504,3.10593865805547,10.998773503049,25.013838420111,10.5299857704346,10.8766227769324,7.89283484499348,0.741686663995546,0.0769374370574951,0.988054692745209
195,6.32515976784993,20.0914211496041,6.33213340377452,20.4335921800789,0.399783449924833,11.2333746101084,22.971307491731,13.7662613817542,14.1014587763044,10.8335911601836,0.651196948832927,0.0450250059366226,0.989097714424133
196,0.255144782299172,17.2840985154763,0.294020145868743,17.5232231068054,-4.07624893504016,6.9023431063296,20.7009375166289,17.0289537331772,17.2292029609367,10.9785920413698,0.482567158647366,0.0240268930792809,0.988236725330353
197,14.6408581291259,21.1702519512719,14.656495595845,21.4606681167649,4.94087644092219,10.4829405790177,23.6487760374835,6.52939382214603,6.80417252091997,5.54206413809556,0.446498952458444,0.0181153677403927,0.989247143268585
198,9.96667530286603,17.4747172687947,9.97258762947261,17.5360390386534,2.59681339040971,8.32063523324061,20.9095255340377,7.50804196592866,7.56345140918081,5.7238218428309,0.566267623191183,0.0371135175228119,0.98890894651413
199,5.20213339946407,15.7584382296373,5.18591460520174,15.7279863350705,-0.00559628284815647,5.02765606635969,18.7606471944374,10.5563048301732,10.5420717298687,5.03325234920785,0.391839525936738,0.0139055568724871,0.984707176685333
200,-0.503847531422093,13.6198321992071,-0.552778529923037,13.5066579463247,-5.63507556073443,2.45093209256539,16.6995511505524,14.1236797306292,14.0594364762477,8.08600765329982,0.278599728479715,0.0136648658663034,0.98076593875885
201,14.8809286681091,22.2410207499798,14.8741354243886,22.6513352060687,3.37884301751402,9.71560289456152,23.8343757544837,7.36009208187073,7.77719978168004,6.3367598770475,0.679236664522826,0.0530047714710236,0.987254321575165
202,10.6889519478467,18.1783538147766,10.6512362336334,18.2703746121402,1.54873647612854,8.6098438454552,19.564551518864,7.48940186692985,7.61913837850681,7.06110736932666,0.611977691523301,0.0332829393446445,0.988696455955505
203,5.64525576729313,21.7093397425376,5.67944178316491,21.9399231134933,-0.243634538719139,8.23042443437798,26.8046110443599,16.0640839752445,16.2604813303284,8.47405897309712,0.687409232489642,0.0647750496864319,0.988530695438385
204,1.35795984901267,14.9262577793394,1.42848963974749,14.8152974827267,-2.55376059208328,7.05786875235585,18.1423949827138,13.5682979303267,13.3868078429792,9.61162934443913,0.583118726607235,0.0175914466381073,0.989197432994843
205,15.1417630412685,20.8234417567086,15.1388778153629,21.0985820285735,6.40024086899106,10.7600867513412,24.2391560761683,5.68167871544007,5.95970421321067,4.3598458823501,0.529732516568967,0.024060845375061,0.988134741783142
206,10.8925994436748,18.1205791575193,10.8880599420009,18.1685916769136,4.53997197884587,10.1458490575086,22.3704422082379,7.22797971384454,7.28053173491263,5.60587707866273,0.554987929130478,0.0151639627292752,0.987406194210052
207,6.6224449274588,14.1525756271365,6.6198881176765,14.0243915402116,1.66762671318948,7.97423720368249,16.5790371274344,7.53013069967768,7.40450342253511,6.30661049049301,0.484977747109376,0.0100761177018285,0.98891407251358
208,1.67125806800624,11.7095615964162,1.66967796016871,11.4126706760316,-1.10895364349773,5.68444905183149,15.1400504733059,10.03830352841,9.74299271586291,6.79340269532922,0.464581094021528,0.0117312865331769,0.988544404506683
209,17.0096077182622,19.3648344471239,17.0012791022729,19.8137761825374,8.11290710330555,10.9662887793362,23.7681662530917,2.35522672886171,2.81249708026451,2.8533816760307,0.496855417846689,0.0122128026559949,0.98643296957016
210,10.6646279625016,14.4086458749416,10.6933595413866,14.4233096464312,1.70683961377587,6.34879139284552,19.165213916886,3.74401791243998,3.72995010504463,4.64195177906965,0.392359729553135,0.00964232813566923,0.987176120281219
211,5.84774318086984,12.3422368963235,5.82022754385888,12.0865220600671,-2.21291231904651,3.80053495815452,16.0403308302332,6.4944937154537,6.26629451620826,6.01344727720103,0.410902197958412,0.0100696170702577,0.987375140190125
212,0.517874127527388,10.2642980075713,0.705163983515256,9.83715974674698,-4.50717560186242,1.51269200839597,14.0551992597697,9.74642388004394,9.13199576323173,6.01986761025839,0.249266172345086,0.0109730754047632,0.978147745132446
213,16.1134462207581,21.7406755208353,16.1055334872824,22.3476599408897,8.04557523096921,11.7518079873638,26.3593666605526,5.62722930007719,6.24212645360731,3.70623275639455,0.752928424692804,0.0606684647500515,0.987851738929749
214,11.563715622903,21.8789970530366,11.5690382592491,22.2136779783014,4.71737612571123,12.341464916179,25.5980073432475,10.3152814301336,10.6446397190523,7.62408879046773,0.723270504029967,0.0914971008896828,0.988658368587494
215,5.39211155405743,19.5065802693616,5.39329104611717,19.7119926280151,-2.33783351292594,7.21874548987263,22.0095624010068,14.1144687153042,14.318701581898,9.55657900279857,0.561301073892167,0.0387497991323471,0.989110887050629
216,0.217513003409078,16.9391214765212,0.272543322433173,16.9549249167776,-2.69401350303191,6.73944190058118,23.7549814503407,16.7216084731122,16.6823815943444,9.4334554036131,0.510757765910091,0.0419155098497868,0.988393127918243
217,15.8625640957463,19.5545349404818,15.8551622502398,19.8135354433438,5.50439568719629,9.28999986775033,22.9838051138332,3.69197084473557,3.95837319310398,3.78560418055404,0.567167938171768,0.0254460200667381,0.984453856945038
218,10.8038989266692,18.9002157028661,10.8095427080534,18.9721578842509,2.1950511690349,7.55379169159783,22.6175036116655,8.09631677619683,8.1626151761975,5.35874052256293,0.520094745892091,0.024270337074995,0.987196326255798
219,6.36688974981338,14.6776612795901,6.35374922314112,14.5333687055243,0.194896523280947,5.75493141473298,18.0254249526942,8.31077152977677,8.17961948238318,5.56003489145203,0.500158418669863,0.0169911626726389,0.989249467849731
220,2.00277792485675e-05,10.9550679637057,0.136196876408362,10.7118960434823,-5.18732551783129,2.33488473130812,14.8621671292344,10.9550479359264,10.5756991670739,7.52221024913941,0.331046527033355,0.0116947060450912,0.988352358341217
221,16.7340826515584,23.2316438799794,16.7343352652878,23.8256551228159,10.5623584118208,14.5144033756244,27.3169314708888,6.49756122842098,7.09131985752805,3.95204496380362,0.752840948306003,0.0430616699159145,0.986723721027374
222,10.0138666462804,21.6365717238088,10.0184083529956,21.8628692649677,-0.482251212922888,6.63391828621719,24.590994248139,11.6227050775284,11.8444609119721,7.11616949914008,0.606894641520912,0.0257548280060291,0.989205956459045
223,6.31270875857602,21.0997498677132,6.31638511646058,21.5874929405218,0.260113617043138,11.3344552490822,23.9481032835818,14.7870411091372,15.2711078240612,11.074341632039,0.695235709711291,0.0308851264417171,0.989202201366425
224,0.468845212337582,19.6780571865421,0.495506132158834,19.8802280227011,-3.92711814762386,6.33248122739736,24.8269892029334,19.2092119742045,19.3847218905423,10.2595993750212,0.676692234756299,0.0373317301273346,0.988411426544189
225,15.6101281861796,18.848820191214,15.5799861977966,19.1749403069335,4.14451728148721,7.38626185651016,22.6565354530213,3.23869200503446,3.59495410913694,3.24174457502296,0.490439944967208,0.0121258636936545,0.986268937587738
226,11.4969870501694,18.6958001177979,11.5083414347872,18.8101122584184,5.71458988759248,11.1311647191141,22.9001105870769,7.19881306762843,7.30177082363114,5.4165748315216,0.624147620313883,0.018194867298007,0.987452685832977
227,5.13904056783695,12.1661322866842,5.07415598444993,11.9006547743339,-3.00132836280948,2.66922551606576,14.9403198016959,7.02709171884726,6.82649878988397,5.67055387887525,0.325831430985373,0.0112487971782684,0.984148919582367
228,0.547828000692421,8.19623255096754,0.499864385503361,7.48450118166046,-5.08637063062331,0.790067343725545,11.8024564536577,7.64840455027512,6.9846367961571,5.87643797434886,0.173480616251091,0.00892818253487349,0.965564608573914
229,15.777878195606,21.1370332936526,15.7858091933412,21.3797966635904,5.28932935506289,9.91358675806448,24.04669310342,5.35915509804659,5.59398747024922,4.6242574030016,0.461240649418597,0.0090236896649003,0.988309502601624
230,11.3696418649347,14.794100286266,11.4221313100481,14.6746285398287,3.21714048622203,6.99896821305664,19.0955758025359,3.42445842133137,3.25249722978064,3.78182772683461,0.496433047622971,0.00914904940873384,0.988793790340424
231,5.3488959168298,18.5622999292858,5.39221520368673,18.7187887206715,-2.25388205691291,5.25523050445863,21.9448252103505,13.2134040124559,13.3265735169848,7.50911256137154,0.328009939606767,0.0242998395115137,0.989572703838348
232,1.05320816374229,10.9580019611072,1.01478768299303,10.778993698201,-4.28453211851227,2.83531216037981,16.0515738178254,9.90479379736495,9.76420601520797,7.11984427889209,0.269214789446215,0.0128751900047064,0.982636451721191
233,15.2286415087957,22.8439548997722,15.2298547771358,23.4562850353077,4.24883572302941,9.86382049954344,26.7167713902587,7.61531339097657,8.2264302581719,5.61498477651403,0.644604115393185,0.0554503202438354,0.985351979732513
234,11.6073664802314,21.0093451166966,11.6173952345115,21.425807879001,6.43138923989354,14.5349132943478,23.1796292408199,9.4019786364652,9.8084126444895,8.10352405445426,0.747292843982415,0.0512556508183479,0.98871511220932
235,6.16758650804296,19.6360454509536,6.15818276993581,19.7739414810007,-0.608995997758242,8.63655048060771,24.8687966087961,13.4684589429106,13.6157587110649,9.24554647836595,0.71230630827673,0.0602879077196121,0.989779412746429
236,1.23787029663951,18.1593630073991,1.2323441639795,18.7678624032699,-2.22711147484038,9.38859532904794,22.6342904825766,16.9214927107596,17.5355182392904,11.6157068038883,0.600860627892413,0.0292577855288982,0.988359212875366
237,16.2874730446879,21.2006595674152,16.2909244677373,21.4878060075457,8.3923429337314,12.4205989890825,25.4651068761732,4.91318652272724,5.19688153980839,4.0282560553511,0.687392555129295,0.0333129353821278,0.987731635570526
238,10.968392469138,18.8501347289177,10.9630252942865,18.9301396363245,3.2642949093415,8.95727325033401,22.3279912950813,7.88174225977971,7.96711434203803,5.69297834099251,0.568721329424629,0.0276784636080265,0.988254308700562
239,6.35108631459089,15.5133042069775,6.37177469086129,15.4408568174284,0.382948598371637,8.15670756992849,18.5289682460625,9.16221789238664,9.06908212656712,7.77375897155685,0.438118630523488,0.0119499061256647,0.98706579208374
240,1.39486266551068,13.3581253548107,1.32103333918568,13.4061646731868,-2.20051992676797,6.21721830621331,16.4967227087467,11.9632626893,12.0851313340012,8.41773823298128,0.466565622755564,0.0140547165647149,0.982690989971161
241,15.7384621496777,19.4988274039188,15.7373035659669,19.586952462527,7.18568743948033,9.2329296412862,23.4875058080575,3.76036525424107,3.84964889656009,2.04724220180586,0.706928241383323,0.0515065640211105,0.986849188804626
242,10.9003150627172,19.4762518627579,10.897912708345,19.616640891588,4.43625203936278,10.3020532140508,22.1907538099836,8.57593680004075,8.71872818324303,5.86580117468806,0.631019614912252,0.0273453239351511,0.988202750682831
243,5.31194283447993,17.6870131891142,5.34004540071076,17.7436779472397,-2.82187273447797,5.21401206246285,21.3454532793466,12.3750703546343,12.403632546529,8.03588479694083,0.483026244817925,0.0299079846590757,0.98822695016861
244,1.36450224052414,15.9864132593945,1.40930067648292,16.0352415985835,-2.71870883898332,8.94781564526901,19.8250293253049,14.6219110188703,14.6259409221006,11.6665244842523,0.558617867075438,0.01442542206496,0.988424122333527
245,16.5667472040306,21.1749648085737,16.574469911297,21.5559995690768,8.89437775437125,12.5280836504875,26.7282182781074,4.60821760454312,4.98152965777975,3.6337058961162,0.696922978357469,0.0187916029244661,0.986949980258942
246,10.8948225751129,15.4631800181451,10.8917733969209,15.3881054883358,3.34175053280477,5.30530626868433,20.3308118242926,4.56835744303217,4.49633209141496,1.96355573587956,0.413340233432299,0.00857141334563494,0.98508608341217
247,6.6084134678003,11.8220711001189,6.48220914042499,11.5520286883247,1.10323869324542,5.90485352091592,14.486405542626,5.21365763231864,5.06981954789968,4.8016148276705,0.391170516432677,0.00997766200453043,0.983464598655701
248,1.50262319036306,7.98800271429125,1.56128668546704,7.64073407633613,-1.68976603143441,3.01544740214703,13.1589183848597,6.4853795239282,6.07944739086909,4.70521343358143,0.22731919067139,0.0102413101121783,0.970901429653168
249,16.6271809486367,19.8172395339059,16.6343781683026,20.0462579379337,9.60599782622882,12.8203644023508,23.5674712404449,3.19005858526922,3.41187976963111,3.21436657612201,0.607915022268172,0.0139368586242199,0.986557185649872
250,10.8369639811425,16.0667644850962,10.7855393576253,16.0019827248102,1.31057691956874,6.23894946140049,18.3202102877925,5.22980050395366,5.21644336718488,4.92837254183175,0.455595119599852,0.0126864872872829,0.986637592315674
251,6.26910263799549,16.4728863719603,6.2347429472329,16.5850788294429,-0.263752994221247,7.94312306431595,17.6683926901896,10.2037837339648,10.35033588221,8.2068760585372,0.476555577287718,0.0122258961200714,0.989026010036469
252,1.6874224347451,7.15199343881814,1.73069861076572,6.22256706263695,-2.81237503148629,2.53702467494677,11.9150567389916,5.46457100407304,4.49186845187123,5.34939970643306,0.315216941214335,0.0109566673636436,0.97850227355957
253,15.9515001415438,21.5511763227422,15.9488004333391,21.8847324391293,7.88029415451705,12.9045522908942,23.6992637894683,5.59967618119843,5.93593200579019,5.02425813637712,0.738259948243942,0.0734435170888901,0.987550556659698
254,11.4970031588949,21.6540723376893,11.4936590605511,22.2512973083015,6.44674387565565,14.52177151978,24.5652514853871,10.1570691787944,10.7576382477503,8.07502764412431,0.73129892923218,0.0652749687433243,0.989370226860046
255,6.50607233668893,19.0745418441248,6.50308404657165,19.5479404755956,1.45790475079051,11.8548926110794,21.0203213247545,12.5684695074359,13.044856429024,10.3969878602889,0.735675637274078,0.0369355529546738,0.988970994949341
256,1.43708324201221,16.0003713179817,1.43958213532696,16.3731644036949,-3.07557155488824,8.6205768360597,20.7390321125531,14.5632880759695,14.933582268368,11.6961483909479,0.597461470936959,0.0309279318898916,0.987927138805389
257,15.9421834739891,21.1502937968881,15.9371640906368,21.6095399527844,11.3693102540538,14.007814220423,25.736857016896,5.20811032289901,5.67237586214764,2.63850396636922,0.705473938129472,0.0311348829418421,0.987450838088989
258,10.7372263622167,16.9669470876397,10.7259009579043,16.993527511798,2.67128834958259,7.07237963213858,21.4069355713006,6.229720725423,6.26762655389373,4.401091282556,0.520307692793488,0.0214297007769346,0.987446427345276
259,6.440827893537,15.5938653061269,6.42601478809194,15.5170402215485,1.41829877016533,8.92858570894753,18.1785622719318,9.15303741258993,9.09102543345653,7.5102869387822,0.513386144859808,0.0124315451830626,0.987871289253235
260,1.50429196325531,13.0255722270047,1.51740121901723,12.8465049153689,-1.60908663128033,5.02545623017976,16.3750839389364,11.5212802637494,11.3291036963517,6.6345428614601,0.404797313618107,0.010598293505609,0.985966980457306
261,16.3102905918774,21.6468938330393,16.3148229808995,21.9031287403704,8.05348726280021,12.8112998346747,25.9841218011269,5.3366032411619,5.58830575947091,4.75781257187447,0.733805776762102,0.0543993897736073,0.987046599388123
262,11.4793998434327,19.3311097247446,11.4781228233272,19.6273103792713,3.78018205027155,11.7636775086072,22.1875019747718,7.85170988131194,8.1491875559441,7.98349545833569,0.7644834515959,0.0697762817144394,0.988330125808716
263,5.56199366164209,20.2082483539482,5.56880785747503,20.4007163658484,-1.422632551216,7.7725476181623,22.892312612914,14.6462546923061,14.8319085083734,9.1951801693783,0.696385794190225,0.0499385856091976,0.988871991634369
264,0.853590430769624,11.538938507371,0.869498590341495,11.2383702907309,-4.03980769920051,2.81247661615316,14.1865796210468,10.6853480766013,10.3688717003894,6.85228431535366,0.285207758495745,0.0122454101219773,0.984186589717865
265,16.3301888954466,19.1292953423262,16.3036803986721,19.3622191919208,7.37267815055465,10.984333132272,22.6681490216971,2.79910644687962,3.05853879324879,3.61165498171734,0.489400291621348,0.0126878554001451,0.987160325050354
266,9.83648219959692,14.6483662890958,9.78870696996415,14.5202265584681,-1.24949559791458,5.34826902763378,18.1585781411035,4.81188408949892,4.73151958850398,6.59776462554837,0.299989244630245,0.0088824350386858,0.987170100212097
267,6.67540552001588,16.423832444846,6.6451518324953,16.4837551534359,4.66031277087451,10.8456539140938,20.1522975341904,9.74842692483016,9.83860332094056,6.18534114321924,0.616213439003413,0.0146068828180432,0.988588690757751
268,0.393072085839277,7.67592010218686,0.467163748511,6.98937595750148,-4.3437547295346,0.34619066290754,13.3658193796516,7.28284801634758,6.52221220899048,4.68994539244214,0.284743013189917,0.00875561684370041,0.980205774307251
269,16.3975218625787,19.9365641838989,16.3774190195783,20.1207940107987,5.42150107838654,8.97774165636685,23.8210886719446,3.53904232132016,3.74337499122044,3.55624057798031,0.56125040807107,0.0146795781329274,0.988330006599426
270,10.5153308892699,17.9143568497012,10.5283726185842,18.13864071107,1.44070578077746,6.5868310546989,21.3602751725101,7.39902596043131,7.61026809248585,5.14612527392144,0.324148790620372,0.0094153331592679,0.987953901290894
271,6.00828041612683,12.9852721282437,5.95085446689796,13.002890984965,-1.67443207608953,3.95259192371493,17.049573655051,6.97699171211686,7.05203651806702,5.62702399980447,0.354502476886329,0.00983116496354342,0.986089944839478
272,0.801261901235115,9.64813683678915,0.856118222568931,9.18582245477594,-3.95793497861591,1.06658772193777,12.9844704032226,8.84687493555404,8.32970423220701,5.02452270055369,0.288537055384691,0.00992708839476109,0.987299740314484
273,15.4539629376602,23.2472203253801,15.4568462217186,23.8329790770311,4.25939889205338,10.1611882220425,27.1858264067456,7.79325738771997,8.37613285531248,5.90178932998909,0.706511802186179,0.0491209402680397,0.988114595413208
274,11.4806725444742,20.4496665110206,11.4781263935252,20.6781094574284,4.24274237630265,11.2779783775126,25.4086825651438,8.96899396654648,9.19998306390312,7.03523600120996,0.756922228902026,0.0647265538573265,0.98891019821167
275,4.76498023827197,20.4976110943852,4.77395076120386,20.7302535625759,-2.70377486316292,5.52475990841493,25.2238249195369,15.7326308561132,15.9563028013721,8.22853477157785,0.460601630338319,0.0341336503624916,0.988990426063538
276,0.575704444742127,18.9295063326558,0.567084334827628,19.225704668556,-4.97959434448572,6.99931725100433,22.6604596861775,18.3538018879136,18.6586203337284,11.9789115954901,0.584220571310557,0.0259487759321928,0.988564550876617
277,15.1349239011018,19.3048998085521,15.1310786008835,19.540054068415,3.44610926642746,6.41279317354448,24.7346351715139,4.16997590745031,4.40897546753149,2.96668390711702,0.591735013899983,0.0320279076695442,0.985830008983612
278,11.6125192851867,18.8014035236052,11.6214759479378,18.8881284764686,4.96845022951856,10.6346380045378,22.1313438292944,7.18888423841851,7.2666525285308,5.66618777501928,0.667693603193238,0.0260209627449512,0.988699972629547
279,6.52038897390368,15.0661570058753,6.50374712289633,14.9407555744443,1.30895346540741,7.70419583864935,17.651904761344,8.5457680319716,8.43700845154792,6.39524237324193,0.590690097157388,0.0155498953536153,0.988335251808167
280,1.43957115705722,12.2072696352644,1.46590690320652,11.9673572354818,-1.62272437671455,6.37690297614677,15.4145109162204,10.7676984782072,10.5014503322753,7.99962735286131,0.392849473101345,0.0126046072691679,0.986934542655945
281,16.0007455583741,22.7361062673289,16.0022211301455,23.3080796512202,6.9416021297755,13.5164044825642,24.3277122236343,6.73536070895487,7.30585852107472,6.57480235278875,0.657968197946605,0.0440592989325523,0.98827052116394
282,11.0002312912359,21.1233778178427,11.0036183152809,21.4463370105707,3.6221259195797,11.5016399366059,23.4175117330298,10.1231465266068,10.4427186952899,7.87951401702622,0.7152219456196,0.0695481896400452,0.988326847553253
283,5.1477349363782,17.8258437716407,5.19449029460402,18.0417180319646,-2.46050851690582,5.81817020469218,21.0016887874406,12.6781088352625,12.8472277373606,8.278678721598,0.494133803400783,0.0372959785163403,0.988018035888672
284,0.332407211806612,17.034893698191,0.284818396173234,17.1411836959131,-3.59374908246798,5.14245368551766,20.4548005393012,16.7024864863844,16.8563652997398,8.73620276798564,0.566022816485066,0.0292785633355379,0.989021897315979
285,15.2388643153811,20.1210834287044,15.2561778691388,20.3142812738778,2.25491839239101,6.75711515762866,24.2393993281914,4.8822191133233,5.05810340473903,4.50219676523766,0.407404541665841,0.011657927185297,0.986811459064484
286,10.291604044986,18.7237014296342,10.2924789094866,18.8202840203872,1.55368950698952,7.44899992092802,21.8939259339641,8.4320973846482,8.52780511090055,5.89531041393851,0.459591847170283,0.010205022059381,0.988010704517365
287,5.31845131062295,11.9212243948603,5.29410217258112,11.6919378256868,-2.79180914248451,4.0603721878252,14.9014000351573,6.60277308423731,6.39783565310567,6.85218133030971,0.267355999674411,0.00833979249000549,0.979425728321075
288,1.62340620316333,7.59872072752329,1.74175015683274,6.77450236424531,-2.65791531366807,2.57532534559108,11.7427507105297,5.97531452435996,5.03275220741257,5.23324065925915,0.313067744631549,0.00904951151460409,0.976792633533478
289,15.9569192757704,18.8214730991087,15.9533338195537,19.4068030388093,3.60312152831358,7.61162701697615,25.1020382127912,2.86455382333838,3.45346921925551,4.00850548866257,0.244000263103441,0.0136820366606116,0.984873294830322
290,10.7818851037006,16.1028503108993,10.7794763301396,16.0993415490449,0.965452152981473,5.43257548885703,19.3401445432813,5.32096520719865,5.3198652189053,4.46712333587556,0.34739404984062,0.00890349876135588,0.982821881771088
291,7.11053735140026,12.6665351571163,7.14280733425223,12.8569062779103,-0.477749621931512,3.55416873724447,17.1830586836806,5.55599780571607,5.71409894365807,4.03191835917598,0.247987868831402,0.0084331538528204,0.973300218582153
292,0.492305820994569,8.02302796242887,0.319988342772346,7.72702946803122,-3.85434018849782,2.56415808376505,12.4889222591731,7.5307221414343,7.40704112525887,6.41849827226287,0.164764000069893,0.00971087906509638,0.965452492237091
293,16.2443808810199,23.4549624253045,16.2426667215418,24.1323401239814,9.98987780048176,15.5222129779114,27.5542862313969,7.2105815442846,7.88967340243962,5.53233517742969,0.75536805948868,0.0620462782680988,0.987583220005035
294,10.018345601271,19.0805806865721,10.0093995741808,19.2015597019594,1.09099723025246,8.41096422697393,21.2064865746429,9.06223508530115,9.19216012777853,7.31996699672147,0.743061304797065,0.0997652783989906,0.987828969955444
295,5.6740268180214,18.1845462491743,5.68250741552625,18.2634187069582,0.218926734898404,7.58026599550068,21.7107566349008,12.5105194311529,12.580911291432,7.36133926060227,0.670831975839053,0.0699644535779953,0.988348066806793
296,1.38143904787385,17.3965705550642,1.38245344940839,17.8711080999715,-1.42569876894975,10.208058509953,21.1773247505204,16.0151315071904,16.4886546505631,11.6337572789028,0.591311649926093,0.0326489992439747,0.986147582530975
297,15.94883327553,21.1058732672606,15.9503703781843,21.3290389018862,5.86431643014224,10.476937194057,24.4599167326297,5.15703999173058,5.37866852370193,4.6126207639148,0.611068288522575,0.0226236153393984,0.986430287361145
298,10.6078934286422,17.8547489815282,10.6194284188708,17.8529466478669,1.29800735422809,7.56753285649333,20.3664631445391,7.24685555288607,7.23351822899608,6.26952550226525,0.470472620259916,0.0168564710766077,0.989150583744049
299,5.11161846902501,17.722560609719,5.10142609070429,17.7374991832189,-1.88367946732207,5.78063288374938,21.2688356347841,12.610942140694,12.6360730925146,7.66431235107145,0.463489037877142,0.0211602747440338,0.989865481853485
300,0.320323547845523,11.7484011190403,0.384619774864379,11.4484021596692,-4.6972253049257,2.9714137496239,15.5811191130498,11.4280775711948,11.0637823848048,7.6686390545496,0.316978556090032,0.0117798745632172,0.979821562767029
301,15.9845937655297,22.3236529279502,15.992447433511,22.7477518520179,6.88936962107274,11.799709345608,26.8546249766258,6.33905916242047,6.75530441850688,4.91033972453522,0.732473764470047,0.0492240525782108,0.987011313438416
302,11.1773215774709,19.7540917397434,11.1820462747795,19.85988750587,4.15297732389067,10.284269997374,23.8326705023725,8.57677016227257,8.67784123109046,6.13129267348328,0.717206650466112,0.0461714416742325,0.987997651100159
303,6.21989622756244,20.4108399099311,6.23530182245439,20.7686216320877,1.11123235176662,12.1333228280484,24.9746400574235,14.1909436823687,14.5333198096333,11.0220904762817,0.739651304512377,0.0394958853721619,0.989487648010254
304,0.794767736427008,16.0067973537331,0.837449269150643,15.9854733504086,-2.09347894648651,8.05836701197979,19.5209800753591,15.212029617306,15.1480240812579,10.1518459584663,0.602648719223509,0.0394685156643391,0.989218533039093
305,16.2939171691473,21.5258992485355,16.3049172188654,21.8645210682273,9.66858120204394,12.5928265719579,26.4710426445365,5.23198207938816,5.55960384936194,2.92424536991395,0.648386834436074,0.0296868365257978,0.986791729927063
306,11.3807154015667,17.9522308545908,11.3749616606681,17.9477945747085,1.92846606007483,7.76684325161823,21.2385158114397,6.57151545302409,6.5728329140404,5.8383771915434,0.459645182706092,0.0154915489256382,0.988957703113556
307,6.04733375254557,13.2855242418415,6.02046383763227,13.137193334504,-0.0196888200736759,4.85098915850879,16.8599438215179,7.23819048929596,7.11672949687175,4.87067797858247,0.367230903668836,0.00852952711284161,0.984042286872864
308,1.29809490111535,10.2515942352774,1.27667361441241,9.91286553427449,-1.3314474260812,2.85046478235357,14.8649667222711,8.95349933416206,8.63619191986207,4.18191220843476,0.397514876901714,0.00987556949257851,0.979501307010651
309,15.386349289741,20.7099094764209,15.3742138647326,21.0360603791129,2.30786338331763,6.81473603231425,23.2163669872103,5.32356018667984,5.66184651438037,4.50687264899662,0.429292098726561,0.0177195854485035,0.987260103225708
310,10.4480679072641,15.3548883860758,10.4564863148735,15.2604107682499,0.816470613014257,5.84130689323126,18.0828959027633,4.90682047881174,4.80392445337636,5.024836280217,0.331850458321647,0.00843931175768375,0.986990511417389
311,6.20758429411159,14.500788248307,6.23387567898132,14.4504926841084,-0.34129344171341,6.2854842786476,18.88861330983,8.29320395419536,8.21661700512707,6.62677772036101,0.410535381518845,0.0113337310031056,0.987982332706451
312,1.39323575933668,7.90342098648314,1.29561074228491,7.19580373152098,-3.21642553211921,2.21161556009823,11.7470625085727,6.51018522714646,5.90019298923607,5.42804109221744,0.242870358812983,0.00992089882493019,0.974531352519989
313,15.8016153398625,22.7961494990707,15.8041984310769,23.2965115964831,5.48774735420914,10.7908343080313,26.6517790903373,6.99453415920819,7.49231316540611,5.30308695382216,0.694250200908205,0.0715257152915001,0.98779022693634
314,10.3543046187401,20.4962473839702,10.3691968833347,20.6378514267052,1.47565796822949,8.31647728261202,23.393462494838,10.1419427652302,10.2686545433705,6.84081931438253,0.640068318202919,0.060140922665596,0.988350629806519
315,5.88315149090134,20.8390145589207,5.88506523801528,21.067968807215,13.4526096512173,14.9421787789802,30.429958575395,14.9558630680194,15.1829035691997,1.48956912776286,0.669574299930952,0.0416341945528984,0.985888659954071
316,0.631547750739482,18.3376047853604,0.64398828649191,18.5587602536759,-3.63708733251684,6.72092943823458,23.0722896476871,17.7060570346209,17.914771967184,10.3580167707514,0.467146960885198,0.0233216714113951,0.988998234272003
317,15.5598172687635,22.1503126885029,15.5623759750368,22.7063571609532,5.45707199588308,10.1970631030168,24.182680005723,6.59049541973946,7.1439811859164,4.73999110713374,0.571993268097611,0.0326209850609303,0.986614763736725
318,11.4882370909086,18.0154237927054,11.4948607975014,18.0321614837043,3.97310170751781,8.47083935810294,22.0762178800621,6.52718670179681,6.53730068620292,4.49773765058514,0.616901720249673,0.0284471604973078,0.986775696277618
319,5.85395773116988,15.3007566171839,5.86132746799203,15.2843478955272,-0.250629856923906,5.5682880826821,19.0094669532675,9.44679888601401,9.42302042753522,5.818917939606,0.490992764364416,0.0175724625587463,0.987054288387299
320,0.965072222387802,11.2299697838458,0.849697534045258,10.8903168675225,-3.59534807566256,3.44843586025688,13.8333732720771,10.264897561458,10.0406193334773,7.04378393591944,0.434508935980484,0.0150477103888988,0.985070824623108
321,16.42485729796,21.6432233709765,16.4239997395737,22.0605879559002,8.58046154372698,13.2693364842011,26.1846144508119,5.21836607301654,5.63658821632647,4.68887494047413,0.742127775582024,0.0505051165819168,0.986841201782227
322,11.1224187108106,16.6600655952554,11.0810975129147,16.7022693981723,3.60111935233249,9.2348286045832,19.9726965767662,5.53764688444479,5.62117188525766,5.6337092522507,0.637983969969588,0.0290144383907318,0.9880251288414
323,4.68322909429637,16.5234927330621,4.67043514307591,16.4787764766846,-2.90689107636571,2.19582603455042,21.3882931556423,11.8402636387657,11.8083413336087,5.10271711091613,0.56340378274354,0.0512308217585087,0.988328695297241
324,-0.1654528877637,17.8919032012395,-0.18611341357572,17.8936702894285,-4.90788433364235,3.12108621438773,21.3284975965481,18.0573560890032,18.0797837030042,8.02897054803008,0.395398693275851,0.0169016756117344,0.988664329051971
325,16.3158754238993,19.0928748380134,16.3392579483809,19.2471253655995,5.01980684751579,8.25922647986467,22.8571470626135,2.77699941411411,2.90786741721856,3.23941963234888,0.484430750184758,0.00908510200679302,0.986553728580475
326,11.4031769126696,14.6017177169364,11.4138378619263,14.4880856157196,4.8482486430328,8.65132616100252,17.9947626960686,3.1985408042668,3.07424775379334,3.80307751796972,0.483691444412371,0.00822487659752369,0.986153721809387
327,6.19535809775131,13.9684736293994,6.18134535119004,14.0646342731643,-0.24515899125901,4.96322163809422,17.9218037530376,7.77311553164809,7.8832889219743,5.20838062935323,0.448318073499541,0.00871014129370451,0.984491646289825
328,0.277770366041787,8.28181348566166,0.294427547391135,7.63588901271498,-4.16929948038305,0.516228389910866,11.9022721464101,8.00404311961987,7.34146146532385,4.68552787029391,0.276947823959761,0.0102974865585566,0.979397118091583
329,15.874704312828,21.0117042790336,15.8702409792418,21.5622291400851,4.88868338254875,9.91303735951571,24.1659133588447,5.13699996620561,5.69198816084328,5.02435397696696,0.537718979606285,0.0261347368359566,0.987122416496277
330,11.6838931889227,16.6048015140223,11.6950174940421,16.5241504639535,4.02201329266161,8.64127938438764,20.2613841337564,4.92090832509958,4.82913296991143,4.61926609172603,0.583020531637918,0.00939678400754929,0.988151431083679
331,6.39277590359085,10.0407805955885,6.37476455379796,9.86730456369938,0.935226877238542,5.39883888785099,15.2147707531212,3.64800469199761,3.49254000990142,4.46361201061244,0.40723720878395,0.0100413933396339,0.973710358142853
332,1.37399780365354,10.4832553554496,1.40515096991128,10.0963053291324,-2.53861883057549,4.97081323145742,14.8448722406024,9.10925755179608,8.69115435922114,7.50943206203291,0.355932805589217,0.0108535401523113,0.984451532363892
333,15.3747245979495,23.828398343718,15.3733244959635,24.654285507944,12.6063503427375,13.6937716177342,30.2272130803749,8.45367374576851,9.2809610119806,1.08742127499671,0.769777159937642,0.0624966993927956,0.986469268798828
334,10.5189182689049,20.2310526866072,10.5312341786919,20.5227429716325,1.52570329971077,8.9874594378888,23.9246328858952,9.71213441770226,9.99150879294062,7.46175613817804,0.607594205072104,0.0571722984313965,0.987097024917603
335,5.67381878049835,19.8376819423082,5.7170623583205,20.0026401144571,-0.699706597471855,8.06194918794299,22.4697727957985,14.1638631618098,14.2855777561366,8.76165578541484,0.654435084867022,0.0890114456415176,0.989374995231628
336,1.04048962429097,17.6000265459068,1.0508431240255,17.7900183519814,-3.2252602338003,6.96331537765357,21.3895834442474,16.5595369216158,16.7391752279559,10.1885756114539,0.543076200096943,0.0322603024542332,0.98785537481308
337,15.4427627288077,19.4373222522118,15.425864128031,19.6986834747154,6.9640333916804,10.5748843986014,22.0084989656148,3.99455952340419,4.27281934668439,3.61085100692098,0.528555191293731,0.0264653265476227,0.987251162528992
338,11.5182365280393,19.1025304780046,11.5188393834732,19.2701601948264,5.55151784120932,12.4804212598472,22.285720254125,7.58429394996528,7.7513208113532,6.92890341863791,0.652343296607521,0.0348258204758167,0.989036023616791
339,6.48983546842306,15.7511929133946,6.51154224797353,15.7269069585463,1.06087059255249,7.8587686670266,18.6367967028775,9.26135744497156,9.21536471057277,6.79789807447411,0.490686745066954,0.015386002138257,0.987624645233154
340,1.06859045757827,11.520820539589,1.06820039388726,11.2719341339962,-1.70579377660072,6.24052764469955,16.4432090913463,10.4522300820108,10.203733740109,7.94632142130027,0.572179838783959,0.0222108997404575,0.988387167453766
341,15.5280645787512,21.5768537941106,15.5242588793637,22.1266963093009,5.46816586699839,10.7595388271439,24.8937021813172,6.04878921535941,6.6024374299372,5.29137296014553,0.54705519548266,0.0253343097865582,0.987825036048889
342,9.94821451030911,20.1868466450411,9.98056774680462,20.4682460459108,1.91777328058394,9.43144808643563,23.3139225343012,10.238632134732,10.4876782991062,7.51367480585169,0.754957721641561,0.0533313266932964,0.987366676330566
343,6.35629643374265,16.900341567042,6.34962403548649,16.9125218950582,2.06073981095492,9.80016716958582,21.2453321426388,10.5440451332994,10.5628978595718,7.73942735863091,0.557543736578107,0.0166598372161388,0.986535012722015
344,0.473608940755007,17.2352577553282,0.459580405302797,17.2496372537493,-3.98639540753481,3.50316666830823,21.9578366137636,16.7616488145732,16.7900568484465,7.48956207584304,0.575326179228078,0.0426375828683376,0.988869547843933
345,16.3885389477041,20.4872444474651,16.391493121638,20.7443485065834,8.41458983010243,11.386973113768,24.9111776793961,4.09870549976105,4.35285538494546,2.97238328366552,0.609134337183219,0.0315946713089943,0.986192762851715
346,11.6072287117293,17.8889693735409,11.6047287612908,17.9340791846796,4.65079860761386,9.06119746713766,21.7048864290482,6.28174066181154,6.32935042338884,4.4103988595238,0.524502950021902,0.011489374563098,0.986040115356445
347,6.09808715301433,14.0923425248661,6.10733619549681,14.1424731582851,0.621919968498872,6.74977786053447,18.573903778837,7.99425537185181,8.03513696278831,6.1278578920356,0.401396743792032,0.0104949921369553,0.98638528585434
348,0.899206084197627,12.031214146099,0.928077132434429,12.0033311981932,-3.18794632427056,4.61830220157513,16.1766745255886,11.1320080619013,11.0752540657588,7.80624852584569,0.293425079271344,0.0106178671121597,0.985744297504425
349,15.8530217150206,19.7350625946448,15.8276759544313,20.0714066827132,6.18600448652602,10.6996751705488,23.0202819683518,3.88204087962426,4.24373072828194,4.51367068402283,0.472785417670302,0.00890527945011854,0.987519979476929
350,10.6410160692777,19.1487990590535,10.6383569315357,19.4604724230344,1.5518878679242,8.6153849338318,21.8915537649889,8.50778298977578,8.8221154914987,7.0634970659076,0.464072531016088,0.0170785281807184,0.985844373703003
351,5.91247292752535,15.9102656711285,5.86737749872466,16.1109232603421,-0.469907126942231,7.0352033915331,18.7644813708737,9.99779274360318,10.2435457616175,7.50511051847533,0.369003392957329,0.010789543390274,0.985448658466339
352,1.67745291333053,11.9666710534223,1.65175052560506,11.8045714564623,-1.87294396445963,6.02626956689518,14.895374599625,10.2892181400918,10.1528209308573,7.89921353135481,0.396263927928348,0.0118799135088921,0.982173025608063
353,15.3344871225684,23.3680205808703,15.3313075729671,23.8376497358744,5.52760427778872,12.4909941281554,26.0304419516216,8.03353345830191,8.50634216290731,6.96338985036671,0.689113449036289,0.0579849407076836,0.987878143787384
354,10.5406172766104,21.5467432017806,10.5435905646154,22.0513841689539,2.48616698938941,9.1855373487426,27.0975075359963,11.0061259251702,11.5077936043385,6.69937035935319,0.706024628549997,0.0944099649786949,0.988797962665558
355,6.58925819638342,18.3794574574367,6.5826685534272,18.7048767739135,1.15157966778525,10.395663036486,20.4061135954611,11.7901992610533,12.1222082204863,9.24408336870077,0.637382297291915,0.029200466349721,0.98814070224762
356,1.56517522648886,18.2738714572047,1.5484385384609,18.763577885483,-1.22342487838092,10.8323474181778,21.9487373059711,16.7086962307158,17.2151393470221,12.0557722965587,0.625563237821033,0.0314185991883278,0.98875218629837
357,16.4363715964764,20.2750296245563,16.4347831473254,20.4170692755688,7.34413681751974,11.0325105171107,25.0740304698153,3.8386580280799,3.98228612824346,3.68837369959098,0.629115050144727,0.0285492558032274,0.986760377883911
358,11.1772169006084,17.0142151273158,11.2205520769,16.9871299676182,3.35920030592332,7.76731592720786,20.4288729083202,5.83699822670746,5.76657789071817,4.40811562128454,0.495054296906542,0.0126040140166879,0.988001525402069
359,6.4111707178799,17.19130309448,6.41334071931028,17.2323448001887,0.803033256552502,8.3284173212813,20.3775706090965,10.7801323766001,10.8190040808784,7.52538406472879,0.518195518489207,0.0195935107767582,0.988160729408264
360,1.54796021488858,11.9473614640985,1.60076637981182,11.6614667459796,-1.91836734776549,5.61935630953565,15.5318479970368,10.3994012492099,10.0607003661677,7.53772365730114,0.422827404166738,0.0141852293163538,0.98735249042511
361,16.2673848306845,22.18879976055,16.264433110283,22.7664698880232,6.91962117869543,13.1019446809353,24.3496673877177,5.92141492986554,6.50203677774023,6.1823235022399,0.710466349533891,0.0474839620292187,0.988202273845673
362,11.465487856601,19.4683846415197,11.4640216000589,19.7257358741681,5.41773612852131,11.8284331454073,23.8319584806681,8.00289678491871,8.26171427410923,6.41069701688602,0.637448695642231,0.0277766864746809,0.989153146743774
363,5.85210009171668,19.1024094935572,5.83545988411214,19.436655686643,-0.38993725861785,9.49132353758571,22.8505874756887,13.2503094018405,13.6011958025308,9.88126079620356,0.545774693456538,0.021874587982893,0.989451944828033
364,0.732070999350378,17.1821426446758,0.733223969172405,17.3596283101684,-2.64726408442712,7.91838553265435,19.9521668447036,16.4500716453254,16.626404340996,10.5656496170815,0.6407509310679,0.0427713692188263,0.9886714220047
365,15.4464540888526,19.3883851221463,15.4105669255004,19.4960395521276,2.81840964710208,7.31552937149956,22.9761134411986,3.94193103329375,4.0854726266272,4.49711972439748,0.450593754961759,0.0166507158428431,0.987651705741882
366,10.5917175857641,16.7318254238302,10.5907871218972,16.7214119836929,2.32340301991501,7.38370764060007,19.1390704342482,6.14010783806603,6.13062486179571,5.06030462068506,0.408517451409024,0.00930336117744446,0.98827862739563
367,6.4302244811064,16.0612935434388,6.40693011780462,16.0282870993289,0.781063599266465,7.93218569397301,18.6103077604342,9.63106906233242,9.62135698152427,7.15112209470654,0.487221160052165,0.0120742963626981,0.988406717777252
368,1.11268540930681,6.84623681519693,0.996202329307197,5.85689251318882,-3.83983569744755,1.03247259477883,10.4938186194326,5.73355140589012,4.86069018388162,4.87230829222638,0.255341974434794,0.00948436930775642,0.974840402603149
369,16.5223701573722,12.9167453984091,16.5450054618136,12.8972743171329,8.086254488053,8.95445032984486,22.2883549117435,-3.60562475896312,-3.64773114468072,0.868195841791858,0.489736676710301,0.00972953718155622,0.986368119716644
370,11.7739164934051,13.1356898392766,11.7660716259187,13.2206592341783,3.74498263190542,8.00356613205077,19.4015587194192,1.36177334587151,1.45458760825965,4.25858350014535,0.309422037015643,0.0115867303684354,0.985141396522522
371,6.58883603297673,14.853745725815,6.59386295169809,15.6257682294914,-0.965980419015115,5.1841090712882,20.2751080083883,8.26490969283829,9.0319052777933,6.15008949030331,0.226267202366224,0.0158580373972654,0.974787056446075
372,0.753667385333413,10.4029572327037,0.722521107304492,10.2608003380127,-2.91961236233881,3.72119264710993,15.3745554218474,9.64928984737031,9.53827923070818,6.64080500944874,0.287250536455267,0.0139309288933873,0.972464025020599
373,15.5397486429511,21.607913336195,15.5431721075057,22.0391392468967,6.04139521135769,10.9201222842178,25.8416384728047,6.06816469324398,6.49596713939101,4.8787270728601,0.725688079479951,0.0569228231906891,0.986743211746216
374,11.5755097702312,20.7579005980257,11.5666141616196,21.0023234834356,5.24658493345239,12.8199520156299,24.9545867855513,9.18239082779451,9.43570932181604,7.57336708217754,0.761067317307479,0.0740982070565224,0.988484442234039
375,6.56728978368314,19.6046380419627,6.55797847995507,19.8261391216058,0.466991958909817,10.4466215314937,23.0730570284706,13.0373482582795,13.2681606416508,9.97962957258389,0.726287625620343,0.0538077130913734,0.988499224185944
376,1.53711602762412,19.63086774135,1.52672294320006,20.1565371605465,-2.06146573600678,11.4849536959627,23.585820574144,18.0937517137258,18.6298142173465,13.5464194319694,0.614017463775108,0.0298489723354578,0.989477694034576
377,15.6584172441869,19.6103569570113,15.6599575290553,19.7739428260418,6.57457908498197,10.141978212839,23.2093268474697,3.95193971282441,4.11398529698653,3.56739912785707,0.574264922583346,0.0257562026381493,0.986613571643829
378,11.4945726033346,19.7813773410737,11.4934940737864,19.9504087909884,5.35887339485332,10.7300609630389,22.8699023068971,8.28680473773903,8.45691471720204,5.37118756818554,0.582611664738925,0.0287134610116482,0.988802373409271
379,6.4849194601475,17.0017353858361,6.48740441261689,17.0446359792422,1.13888484151695,8.63160110063351,20.2116739328453,10.5168159256886,10.5572315666253,7.49271625911656,0.531968956431629,0.0144323669373989,0.989219605922699
380,1.08366145147427,12.5346419227208,1.05357364768802,12.3495293110977,-3.16949174970455,5.60109916521866,16.2526540609838,11.4509804712465,11.2959556634097,8.77059091492321,0.346084004727576,0.0126529224216938,0.978700459003448
381,16.3345997721392,21.8507295078109,16.3316030276858,22.3794933580759,8.53896520838352,12.8030077292513,26.2331628909699,5.51612973567176,6.04789033039013,4.26404252086776,0.75036011678916,0.0419482067227364,0.985338568687439
382,5.665089939055,13.464556912315,5.73308014766972,13.5570253464906,-1.0372010950742,4.92506067301001,17.8168330033718,7.79946697326,7.82394519882091,5.96226176808421,0.379102186715467,0.0113058369606733,0.985287547111511
383,11.6911503938079,18.379242333549,11.6969352833346,18.5327937428953,2.78472720298942,8.79905423586975,21.4865551164072,6.68809193974113,6.8358584595607,6.01432703288033,0.439990266651308,0.0230257399380207,0.9880610704422
384,15.6032656245977,19.1835268945829,15.5803276438199,19.4531830432349,4.10651391234649,7.3326053141469,23.5059134238471,3.58026126998525,3.87285539941506,3.22609140180041,0.528114132357222,0.0161039251834154,0.98792552947998
385,6.26811303797869,16.5382042916003,6.24161541934841,16.4824600938637,3.32821574872779,10.3480645530386,20.3238595637483,10.2700912536216,10.2408446745153,7.0198488043108,0.68370088498365,0.0410959161818027,0.988471269607544
386,0.279157944832129,9.39845600399311,0.273081137987014,8.88318761535514,-3.57600626017718,2.85957021834133,12.046452738479,9.11929805916098,8.61010647736813,6.43557647851851,0.217173098284907,0.0107519878074527,0.970471501350403
387,1.32210167115718,12.8650736042541,1.32752677604121,12.6654920035511,-3.63862007008559,4.60636210172603,16.4528442311479,11.5429719330969,11.3379652275099,8.24498217181161,0.424069313635498,0.0116230687126517,0.988490581512451
388,6.55813811147748,17.4121326105103,6.54416426442799,17.5403756621916,2.36075105127032,11.1170183095221,20.7732085606783,10.8539944990328,10.9962113977636,8.75626725825179,0.578589627329677,0.0166652593761683,0.988655686378479
389,14.6618314114715,22.0578068668022,14.6595924335556,22.4292820158442,3.0440664505838,8.21957421233948,25.5282213046911,7.3959754553307,7.76968958228864,5.17550776175568,0.711388193132588,0.0592623203992844,0.987953424453735
390,11.6534631101134,17.4356783216707,11.6514981053473,17.5424304263578,6.11066540280106,10.7244010417833,21.0308196704394,5.7822152115573,5.8909323210105,4.61373563898225,0.619094017697115,0.0176594704389572,0.98857307434082
391,10.9783308633818,21.3412448532095,10.9881617165765,21.9466343958308,2.58651726058077,10.0915847004653,25.9983501880117,10.3629139898277,10.9584726792543,7.50506743988451,0.66091827290528,0.0554339997470379,0.987880051136017
392,0.48625498226601,13.131700401777,0.564994525529539,12.9236539983208,-2.8831128826304,3.21215401673498,17.6743828050301,12.645445419511,12.3586594727913,6.09526689936538,0.305010357615731,0.0160898845642805,0.987639725208282
393,1.05071125892209,8.71589377007221,0.964713075788207,8.16916472147113,-3.64167347822058,1.76924965758867,12.9138513554038,7.66518251115012,7.20445164568292,5.41092313580925,0.265242821943378,0.00934800505638123,0.978633105754852
394,16.1978229146558,16.0093626576732,16.2202906577608,16.2431069775696,8.81326933681699,8.05484160235644,20.5713579766511,-0.188460256982584,0.0228163198088573,-0.758427734460552,0.581861519975062,0.0438803322613239,0.986065030097961
395,11.3286664378103,17.1332072426474,11.3290018602113,17.2333083744444,5.25166992459507,10.3108189714826,18.3193040200436,5.80454080483716,5.9043065142331,5.05914904688749,0.67680579226752,0.0355960391461849,0.986456513404846
396,7.01039765554066,15.4203329030432,7.00543144877222,15.4012627405421,2.54678575985875,9.08235164298131,17.9648950912112,8.40993524750256,8.39583129176984,6.53556588312257,0.669213712894585,0.0291249975562096,0.986764132976532
397,1.42004621425534,15.1444123379352,1.44974935764162,15.0410889619412,-4.42756298101351,5.14581434045219,19.0842864142675,13.7243661236798,13.5913396042996,9.5733773214657,0.639990918720209,0.0481834188103676,0.985649645328522
398,16.8979963678073,18.9127070286742,16.8984992374871,19.491043025878,11.8187958727932,12.9501515788765,23.6681423873266,2.01471066086686,2.59254378839087,1.13135570608328,0.639000238258557,0.0207401439547539,0.980562150478363
399,11.6742491480397,14.5341164959032,11.6576031673072,14.7090393317117,4.4171515320702,8.22273005241817,18.579563522796,2.8598673478635,3.05143616440451,3.80557852034796,0.40779690740714,0.00926597323268652,0.979526698589325
400,7.10797840261426,11.4262853536464,7.07198581024779,11.2982190288351,2.22561759005135,6.96264360908988,15.0001407129285,4.31830695103213,4.22623321858732,4.73702601903853,0.416892375004118,0.00892608985304832,0.982119619846344
401,1.71286863023313,10.606212906034,1.75326981263052,10.2228568562226,-2.48906282046348,4.72263221622422,14.834871339826,8.89334427580087,8.46958704359205,7.2116950366877,0.300754037056385,0.00994313415139914,0.982822716236115
402,16.2396866062008,20.9283913662049,16.2589770198054,21.2639832624757,5.84275800645852,10.3429425735013,25.005235320357,4.68870476000413,5.00500624267025,4.50018456704276,0.546712458197891,0.0349650196731091,0.983561456203461
403,11.956451696383,18.3831301193311,11.9579079781588,18.6402751572555,8.77577870229125,12.7290419568856,21.6084106620382,6.42667842294811,6.68236717909665,3.95326325459437,0.664666952169194,0.0424310192465782,0.984258890151978
404,6.77276330004427,15.5196023150307,6.72891724274628,15.4889723569098,0.712331324856973,8.28960952339023,18.9472890345897,8.74683901498647,8.76005511416348,7.57727819853326,0.575548491943164,0.0239214077591896,0.983348667621613
405,1.79139280641401,9.11774805790768,1.72711608288811,8.56678141940874,-2.90173079123537,3.87528385558187,12.152187459507,7.32635525149367,6.83966533652063,6.77701464681724,0.319067536527219,0.0109600266441703,0.976177096366882
406,16.5194826058138,20.6969139219592,16.531662537286,21.6478624359905,11.1444953902042,14.9783707888743,24.3159664907636,4.17743131614539,5.1161998987045,3.83387539867013,0.756647826172303,0.0616579912602901,0.983431398868561
407,11.8876544265616,19.5943505456403,11.8877847841478,19.8290485302027,6.92414880188432,13.4524448339893,21.8788439482192,7.70669611907866,7.94126374605483,6.528296032105,0.764071790168562,0.056439109146595,0.986632525920868
408,6.99557041004252,17.112072155746,6.98223254335256,17.0823737464017,1.42068338849027,9.74543131829936,19.7731693451105,10.1165017457035,10.1001412030491,8.32474792980908,0.752072175624246,0.0574797764420509,0.985990703105927
409,1.62874427088042,14.3442217269883,1.59737852414386,14.1887315307111,-2.62941637517932,7.05492573361331,18.6767957909981,12.7154774561078,12.5913530065672,9.68434210879263,0.647791838684765,0.0272305198013783,0.98709911108017
410,16.8397841602849,19.739060342343,16.8382560238604,20.1442025785242,10.0455115143066,12.8460276668146,23.2076447094887,2.89927618205808,3.30594655466373,2.80051615250793,0.727922108185551,0.0354923717677593,0.983100533485413
411,12.0539503251738,17.6207616213501,12.0600748110478,17.6803366441694,6.19203673043354,10.9269999494818,20.9533790825251,5.56681129617627,5.62026183312162,4.73496321904831,0.733030968648502,0.0504442565143108,0.986808001995087
412,6.38746514292543,16.6080156310235,6.38329658905354,16.7310669633413,0.186111231128228,8.02156165026886,19.8103356552733,10.2205504880981,10.3477703742877,7.83545041914063,0.466437422694214,0.0130904223769903,0.983094155788422
413,1.89633524104257,16.4003121305233,1.8471285343311,16.3724067417487,-1.17184396120597,9.61334979215461,18.9310616136712,14.5039768894808,14.5252782074176,10.7851937533606,0.684498427519418,0.0392356105148792,0.985753893852234
414,17.0931487289516,20.7779727340376,17.1040511147446,21.21925701738,12.9450170207887,15.7959469013141,24.6831773438477,3.68482400508603,4.11520590263544,2.85092988052536,0.782922436096221,0.0504219345748425,0.984340608119965
415,11.8906251901379,19.8198740185989,11.9000997148972,20.1210850586689,8.43277661710546,15.1249218342013,22.1044828985041,7.92924882846096,8.22098534377171,6.69214521709583,0.778745761859926,0.123234063386917,0.984943568706512
416,6.1037887336959,18.6175756035179,6.08629688943039,18.7341121847717,0.0233589676660167,9.66085307232983,19.782348767752,12.513786869822,12.6478152953413,9.63749410466381,0.693223004006392,0.0270031671971083,0.986390829086304
417,0.557844395377045,13.0041114853477,0.552503940263005,12.810162094329,-5.19457551425582,4.4991414868966,12.0857222168394,12.4462670899706,12.257658154066,9.69371700115243,0.522451224254189,0.0383340492844582,0.984094083309174
418,16.6956015207417,19.0934986427589,16.6949461169142,19.6663526273655,10.6309740690814,12.5444579231265,22.8002362413833,2.39789712201728,2.97140651045134,1.9134838540451,0.655147420400596,0.0153699880465865,0.980202913284302
419,11.3293557967537,15.1581612576969,11.3767036176131,15.296621723502,3.47601433299696,7.41857400342269,18.6779360551646,3.82880546094328,3.91991810588891,3.94255967042574,0.407638704037935,0.00938322953879833,0.976865291595459
420,5.77763760337315,13.2125991916362,5.78573752146261,13.04621743528,-2.31532963903264,3.03852727777887,16.9446949146186,7.43496158826301,7.2604799138174,5.35385691681151,0.349072985799406,0.0104959337040782,0.980554461479187
421,1.45887418899436,12.1814940388809,1.4322999259245,11.9125920339024,-3.28056348993174,4.83662734729296,16.8410347183108,10.7226198498865,10.4802921079779,8.1171908372247,0.555089231522059,0.0273371823132038,0.98400741815567
422,15.1538706739901,17.3313181968261,15.1657014292871,17.6295077738965,5.74003754638529,8.42775953848305,20.3338202126431,2.177447522836,2.46380634460939,2.68772199209776,0.416261231273965,0.0109058609232306,0.979044377803802
423,11.0733126554848,15.2241742635597,11.0838027467903,15.1671408508111,0.994729686731909,4.77647146825681,19.2465447163789,4.15086160807494,4.08333810402072,3.7817417815249,0.484031515226073,0.0138462269678712,0.981411159038544
424,5.76264516146105,11.6182317561817,5.60692872271414,11.3772077123387,-2.45575419597595,2.67328970845644,14.8790535826334,5.85558659472062,5.77027898962455,5.12904390443239,0.289552863826859,0.0100883962586522,0.978218615055084
425,0.795314226422997,13.3659395825963,0.864891365584352,13.1997721557742,-4.17059082860668,5.26738311196054,16.8924806525348,12.5706253561733,12.3348807901898,9.43797394056722,0.35797521645363,0.0132789043709636,0.983683168888092
426,16.412045570087,20.9456665398611,16.4191597842974,21.3765739860012,8.04154059293121,12.3115623393643,23.6086302061126,4.53362096977409,4.95741420170383,4.27002174643306,0.755739630482933,0.0623113475739956,0.985321581363678
427,10.0881895231349,18.3599842280554,10.0725460636798,18.4418434887835,-0.494219687624522,7.2814937068961,18.9255449016486,8.27179470492055,8.36929742510378,7.77571339452062,0.680774558474583,0.0585475787520409,0.985064685344696
428,5.49930573506083,16.3299740932399,5.51117445440679,16.3445431635925,-1.60188047144003,7.28433026694011,16.8314851363845,10.830668358179,10.8333687091857,8.88621073838015,0.560875120794422,0.047224797308445,0.985309064388275
429,2.03556677350503,16.1079417334527,2.0145330956064,16.0885309685536,-1.23705048012374,10.4657394732592,16.8551374667922,14.0723749599477,14.0739978729472,11.702789953383,0.725777382373197,0.0524077750742435,0.986130893230438
430,16.3176316051025,20.0604793391592,16.2993988814755,20.8080500465533,9.68226913303976,12.6598482116509,22.3638313924941,3.7428477340567,4.50865116507782,2.97757907861114,0.759022108391357,0.0389675348997116,0.984569251537323
431,11.2476170518013,17.0392150861626,11.2435446439097,17.1641504940354,3.22514756231417,8.48372565842991,19.3035146943878,5.79159803436125,5.92060585012576,5.25857809611574,0.610972475629226,0.0249088704586029,0.982492446899414
432,7.20787508447469,12.849248190023,7.34752590920276,12.7017549033771,0.258844971278836,6.31297069786583,15.5729283204245,5.64137310554836,5.35422899417437,6.054125726587,0.464237429926866,0.0244060307741165,0.984784603118896
433,-0.692237088057626,11.4491471351205,-0.661807445282017,11.1525991699408,-5.67274018049796,3.07398156998019,16.5915962581445,12.1413842231781,11.8144066152228,8.74672175047816,0.375277345919918,0.0160126257687807,0.984267055988312
434,15.6843344816159,20.0691841329267,15.6881433094561,20.3094785050569,6.56117978397352,11.0250668614608,24.128591210065,4.38484965131076,4.62133519560079,4.46388707748726,0.642875773013492,0.0400915220379829,0.984342157840729
435,10.363318599946,18.3528031731093,10.4216286678647,18.5054792073803,2.63980909125126,8.91348167959012,19.6355864456644,7.98948457316329,8.08385053951565,6.27367258833885,0.657389354192044,0.0577098019421101,0.985005378723145
436,4.73274171606345,14.8209046420285,4.80249689247747,14.7166819528924,-3.82719273759385,2.66825749781312,18.9550042884026,10.088162925965,9.91418506041494,6.49545023540697,0.598136308260746,0.0489499568939209,0.984127342700958
437,2.29038709601847,12.5274884139536,2.1160292812299,12.324218227601,-1.78097083878638,6.41968342734225,12.1264825855263,10.2371013179351,10.2081889463711,8.20065426612863,0.670244892377966,0.0612549185752869,0.987091660499573
438,16.1132862981017,19.8363466733368,16.1214604092397,20.1137056378476,6.23039798008434,10.2679564665058,23.0210993176961,3.72306037523504,3.9922452286079,4.03755848642143,0.559588321686104,0.0173684041947126,0.984276413917542
439,10.9844984563169,16.8361013506532,10.9884549296429,16.9749974069444,1.66756087472034,7.56535374872623,18.1459953594198,5.85160289433638,5.98654247730153,5.89779287400589,0.538139620216338,0.0199051797389984,0.983131527900696
440,6.83299570855481,15.2626035720958,6.85938451927139,15.2628038677387,1.78532016059296,8.79687648010299,18.0448531094658,8.429607863541,8.40341934846736,7.01155631951003,0.485846638554674,0.0161853618919849,0.984132528305054
441,0.297503173781701,9.99251457622791,0.182497166694205,9.57382867118724,-4.934482390096,2.56937420755961,13.8521245927926,9.69501140244621,9.39133150449303,7.50385659765561,0.178975639676659,0.00971017777919769,0.981647312641144
442,16.9048337610555,18.9067041365111,16.9074922281408,19.2806488105558,9.274399696547,11.5001079810842,22.2517881055626,2.00187037545554,2.37315658241494,2.22570828453721,0.672698998555915,0.0243378989398479,0.984195947647095
443,10.729336607202,18.0565725050362,10.7026575838425,18.1563709715375,0.943061299855419,7.38958320961521,20.1134040911509,7.32723589783414,7.45371338769504,6.44652190975979,0.457587481153327,0.0104347653687,0.983639299869537
444,5.93568675452116,9.71921294209613,5.9187455027596,9.3444652940278,-2.94103177168759,3.07915275026158,15.5463481623239,3.78352618757497,3.4257197912682,6.02018452194917,0.401348106616515,0.0102844461798668,0.982829034328461
445,1.08522757045128,9.60916359709355,0.974867568443545,9.2704218857072,-5.48463852096804,1.12780779886303,13.8820081759972,8.52393602664227,8.29555431726366,6.61244631983107,0.227573642654066,0.00951911695301533,0.973760604858398
446,16.0666927637042,18.6477024230536,16.0687421517718,18.9478999918984,7.20250800853492,9.73944288816856,21.7999359096346,2.58100965934933,2.87915784012667,2.53693487963364,0.751252061049766,0.0523585863411427,0.985955357551575
447,10.1298391338846,18.9719050730307,10.1056113152395,19.0996994074061,1.09911657474912,7.94456066089582,19.3697804489311,8.84206593914606,8.99408809216662,6.8454440861467,0.674567119019947,0.0499034449458122,0.986761927604675
448,6.45342093183967,18.4259066063241,6.44359765152314,18.4626805553903,-1.21964859725691,8.62658516319553,20.0988270534272,11.9724856744844,12.0190829038671,9.84623376045244,0.691589369660152,0.0404613353312016,0.985150277614594
449,0.425758434166339,16.7629383383209,0.429631577060797,16.7977533043836,-4.11947066893709,5.98070416452467,19.0241036853899,16.3371799041546,16.3681217273228,10.1001748334618,0.491729452326269,0.0350584201514721,0.985050916671753
450,16.6984732371839,20.0150573337743,16.6887994321778,20.2746936043817,7.82029343334653,10.736555347548,23.4737736668668,3.31658409659042,3.58589417220396,2.9162619142015,0.703572601916098,0.0295599177479744,0.983753740787506
451,10.3936605679614,17.4715901391972,10.4045653896845,17.5666027096059,0.984597438261013,7.5036642541613,19.8164963365464,7.0779295712358,7.16203731992134,6.51906681590028,0.547011555920391,0.0217034835368395,0.983858168125153
452,5.32513333171002,13.6919272455772,5.32525742732043,13.5677610464736,-2.79454158432837,3.51693864765408,16.0717155384617,8.36679391386719,8.24250361915322,6.31148023198245,0.386069705266455,0.0116000846028328,0.982330918312073
453,1.16263317204038,14.2406987203729,1.14389166059088,14.1525503916366,-4.57915216842586,5.27294258596491,16.0755840160024,13.0780655483325,13.0086587310457,9.85209475439077,0.424783305905582,0.0185236297547817,0.986155688762665
454,15.6340357546596,18.3488721742074,15.6229436316467,18.6379537288184,5.95744831844671,9.17780917340045,20.306628878615,2.71483641954777,3.01501009717174,3.22036085495374,0.58825568179878,0.0406541787087917,0.983776926994324
455,10.2019817212205,19.0349676553734,10.1952205819647,19.3639805355406,-0.798203496503163,6.98546890924444,20.1594053866639,8.83298593415285,9.16875995357585,7.7836724057476,0.629915101248957,0.0314406044781208,0.98393052816391
456,6.13253070862056,17.2581373577035,6.11887635034538,17.3467728651985,-1.22881751750021,7.23949210267102,20.7466855230451,11.1256066490829,11.2278965148532,8.46830962017123,0.557488300954865,0.0248289611190557,0.986572623252869
457,0.660889986279658,17.0137769007535,0.7434971091959,17.0289010579045,-3.85715830558747,7.73458104180767,18.3855287042099,16.3528869144739,16.2854039487086,11.5917393473951,0.600318235191072,0.0190932769328356,0.988258481025696
458,15.4845122354731,18.8288890633636,15.4701603617014,19.0922530169286,5.94301032412982,9.17788497953782,21.3109777002385,3.34437682789051,3.6220926552272,3.234874655408,0.45604082734867,0.0134086599573493,0.984637558460236
459,9.97440846747357,16.3512375094887,9.94123158260156,16.4028753901714,0.960247949353246,6.23039746497913,18.3831048452713,6.37682904201517,6.46164380756982,5.27014951562588,0.554607765649729,0.0248542763292789,0.982415676116943
460,6.88501692360879,10.5157869548444,6.83401741028662,10.1764156631848,-1.64836039066292,3.5518396331597,14.7084298446091,3.6307700312356,3.34239825289813,5.20020002382262,0.298625935703054,0.00827452447265387,0.978468477725983
461,1.55728483268363,6.63960153243235,1.58129817486621,5.70260817432438,-4.56963793699923,-0.364008936647465,12.4140390003386,5.08231669974873,4.12130999945817,4.20562900035176,0.255944674052138,0.00925483554601669,0.970874726772308
462,16.7121979378792,18.9216832043136,16.7304044732852,19.3381471071906,8.46568403341844,11.0574008084683,22.3426864122368,2.20948526643434,2.60774263390544,2.59171677504987,0.633055128056531,0.0143965305760503,0.982216119766235
463,10.7181000471707,15.5675824050205,10.7130818223734,15.5705444622799,2.14066386655211,7.34470696756876,17.8411005246429,4.84948235784986,4.85746263990659,5.20404310101665,0.450225338269442,0.00895645748823881,0.981772065162659
464,6.21883944830153,15.1962084907393,6.24491614109252,15.4495323473271,-1.84754709702495,6.71868681489572,17.4773028052244,8.97736904243774,9.20461620623461,8.56623391192067,0.38299244968346,0.00947568286210299,0.983024001121521
465,0.592253052445179,8.42391047402062,0.645875927786867,7.77296389499845,-5.29989091426491,0.742051570166692,12.0123128798209,7.83165742157544,7.12708796721158,6.0419424844316,0.300453362403675,0.00999249052256346,0.971497297286987
466,15.3468609479268,21.5586081904043,15.3459077226736,22.2901253618295,5.54777805529756,10.4737647747467,23.4839284056524,6.21174724247751,6.94421763915587,4.92598671944916,0.677718908695403,0.0474642515182495,0.988344073295593
467,10.6625420300974,19.0367857523657,10.6584271335403,19.2005864677425,1.6956974198837,9.16279137168162,20.5665154236127,8.3742437222683,8.54215933420218,7.46709395179792,0.676711251910448,0.0860075429081917,0.984988451004028
468,5.5548172962616,17.3056598850358,5.5874706002665,17.3473095881761,-0.917349184558506,8.05709266205845,19.3687853912806,11.7508425887742,11.7598389879096,8.97444184661696,0.533373720612039,0.0368827953934669,0.985180020332336
469,1.43121136067808,16.8702056720721,1.42395880876668,16.8657517518456,-3.03919562467841,8.65537255475765,18.6864776990171,15.438994311394,15.4417929430789,11.6945681794361,0.695484285163502,0.0508476719260216,0.986587107181549
470,16.3769936458939,18.9551128700584,16.3682388423963,19.3127832665605,8.16637304635743,10.9403624843331,22.3476423100053,2.57811922416453,2.94454442416423,2.7739894379757,0.673686894868384,0.0361411869525909,0.984602570533752
471,11.55349134223,17.6995819663983,11.5395635577872,17.8476700018849,3.35374920708068,9.01265665791098,19.8118400419416,6.1460906241683,6.30810644409765,5.6589074508303,0.633202608263263,0.0247175805270672,0.983910083770752
472,5.0505821224367,15.1244904794029,5.042187323128,15.1385104296686,-3.41844546887295,4.69523982261355,16.7027672755556,10.0739083569662,10.0963231065406,8.11368529148649,0.25964736166817,0.0106496764346957,0.982421696186066
473,0.935640375408528,13.7336732829171,0.966194898223872,13.6848463386664,-3.80387197952494,5.00363043850232,16.6133551398237,12.7980329075085,12.7186514404425,8.80750241802725,0.360827082330354,0.0113971037790179,0.983960449695587
474,16.0479711023887,19.1173237212463,16.0595023542758,19.7085273591071,9.39414940846016,11.0226935936778,22.7605178001642,3.06935261885764,3.64902500483135,1.62854418521761,0.699207167968536,0.069470502436161,0.983157098293304
475,11.2978323422821,19.0118637149371,11.3606154835201,19.2830268871099,5.26263641279135,11.0414569384046,21.9439290276334,7.71403137265491,7.92241140358982,5.77882052561323,0.706284577089214,0.0445325672626495,0.982940196990967
476,6.76776363060925,16.6056072176661,6.7096940897171,16.6756233532137,1.17292916721523,9.59671872803044,18.1231353862814,9.83784358705688,9.96592926349658,8.42378956081521,0.59747839494294,0.0294535551220179,0.985486507415771
477,1.41821512685186,15.2252979495018,1.35740078009086,15.2061412068653,-3.62460189957614,6.45705233008299,15.1429829203199,13.8070828226499,13.8487404267745,10.0816542296591,0.636515606408558,0.0334189236164093,0.987127661705017
478,16.0572276451764,18.263954307577,16.0749951485917,18.6498429203966,5.93196536288949,9.53788809367227,22.4938175881104,2.20672666240062,2.57484777180488,3.60592273078277,0.463532839808931,0.0111142070963979,0.979743957519531
479,11.6422578691523,15.885362557449,11.6464643485733,16.0087159721602,4.56327263342665,8.69313349803806,19.6413347967489,4.24310468829668,4.36225162358688,4.12986086461141,0.565935985261723,0.0172379389405251,0.983557224273682
480,6.45358650172527,13.9525965850979,6.46303936487199,13.8312410134987,0.415731324727211,6.44673156124902,16.7848620794362,7.49901008337259,7.36820164862673,6.03100023652181,0.446020915314006,0.0104618957266212,0.979599118232727
481,0.254488733092469,6.8450357557785,0.186879556526107,5.91637938456687,-5.71259903940191,0.121414493845507,11.8471227203154,6.59054702268603,5.72949982804077,5.83401353324742,0.189469201794669,0.00870242528617382,0.976524591445923
482,15.7953985002859,19.1726621648087,15.8196763041668,19.6802208504718,5.59938032919765,9.31467928931498,22.1889186961711,3.37726366452282,3.86054454630499,3.71529896011733,0.492973485726632,0.0270492415875196,0.984953761100769
483,9.69527408681974,15.1347699885245,9.63885568191456,15.2284003016376,-0.761998616593392,5.03423232785409,16.4471364396702,5.43949590170473,5.58954461972303,5.79623094444748,0.289449204090088,0.00962065346539021,0.983712911605835
484,4.62607877949523,13.3572832525139,4.58378485741764,13.4167511456817,-5.30736839485135,1.76538577278171,16.7262398975841,8.73120447301868,8.83296628826406,7.07275416763306,0.272241964078441,0.0093983905389905,0.983002007007599
485,-0.606670948825426,11.0337254927427,-0.669304176187772,10.7725032746903,-5.93395528772881,2.20478965510437,13.6996146715768,11.6403964415682,11.4418074508781,8.13874494283318,0.189952003589017,0.00973743759095669,0.978175818920135
486,16.5542727660997,20.481604454757,16.5528058533252,20.9766006520429,10.8782555282035,14.5276155607104,22.4188406306562,3.92733168865726,4.42379479871763,3.64936003250689,0.751922946085802,0.0516791790723801,0.986907601356506
487,10.233414867985,17.0066152555277,10.2231708028991,17.1301294380608,1.63749224797709,7.49669249180606,17.9805802265221,6.77320038754273,6.90695863516171,5.85920024382897,0.65499413283293,0.0613862313330173,0.985491931438446
488,6.00404666236704,17.6589755077717,6.00546932641285,17.7538638304505,-1.10603304432001,8.39590596907675,18.2227363238931,11.6549288454047,11.7483945040377,9.50193901339676,0.602864571111322,0.0232654754072428,0.986359536647797
489,-0.7399683815601,15.9996117142105,-0.719485416381237,15.9341333178402,-5.72605410095946,4.55530670798343,17.7647601438391,16.7395800957706,16.6536187342214,10.2813608089429,0.424251273824828,0.0179653856903315,0.986844062805176
490,15.805986400139,20.1968374643987,15.8060782968943,20.6057142558304,6.90049809232193,11.0483735188154,22.6977010840226,4.39085106425966,4.79963595893607,4.1478754264935,0.692469017250847,0.048841580748558,0.982950747013092
491,10.1232863697215,18.4128816220305,10.1050346776773,18.6665094098868,3.00991592478681,10.3246627385391,19.0466082737379,8.28959525230901,8.56147473220949,7.31474681375225,0.516692258622854,0.0311055183410645,0.98339855670929
492,6.41879449904822,16.3643643709057,6.44155178017532,16.3627262363444,-0.259819147775771,8.01881038364595,19.0906326324966,9.94556987185746,9.92117445616906,8.27862953142172,0.55715022204765,0.0223033241927624,0.984882891178131
493,1.26234550844079,13.1528144178647,1.22207131941834,13.0817083724983,-2.88140533038041,5.2332297373744,15.815235397961,11.8904689094239,11.8596370530799,8.1146350677548,0.373443417686277,0.0135496770963073,0.981942236423492
494,15.8699538438632,21.4915658853338,15.8796421748576,22.1205102518737,4.3464792479804,10.0851048693999,23.5690910427833,5.62161204147063,6.24086807701607,5.7386256214195,0.688296212972399,0.0504667237401009,0.985794425010681
495,10.9725850162855,17.7344865815509,10.9488118441631,17.8692646273893,3.43248703696652,9.58162706719686,19.296087880377,6.76190156526535,6.92045278322614,6.14914003023034,0.712557226295511,0.0667324513196945,0.984160125255585
496,5.90524477373424,16.8807052345492,5.84357433684411,16.8907658206891,1.60651013342181,9.2361625135579,19.3864977557579,10.975460460815,11.047191483845,7.62965238013609,0.60228653848235,0.0403141900897026,0.985225856304169
497,1.45298042596206,15.9471059164378,1.52330404007608,16.0304910738902,-1.93838551432001,9.29597126063589,16.3579473219553,14.4941254904757,14.5071870338141,11.2343567749559,0.556473332084235,0.0225894115865231,0.986316859722137
498,15.8141820157207,18.6212477706376,15.8182055701768,18.9256466401143,7.82246098556805,11.038637952565,21.3043027554825,2.8070657549169,3.10744106993743,3.21617696699693,0.424668848366262,0.00996239297091961,0.981618583202362
499,10.7107580564944,16.2782344726827,10.6977974147618,16.3654780103728,1.28660019510713,6.56064105875105,18.9193076836501,5.56747641618833,5.66768059561102,5.27404086364392,0.488141602755371,0.0137046547606587,0.981955230236053
500,6.41490149579645,13.9892733740952,6.49520541129998,13.9945193162346,2.53725978410623,7.53723966977409,17.7698757592214,7.57437187829876,7.49931390493457,4.99997988566786,0.420226780771244,0.00899920985102654,0.979770541191101
501,2.03963943911423,11.5103307996532,2.25872512302219,11.2820468978967,-2.31534577007355,5.24768585534698,13.0582779251745,9.47069136053895,9.02332177487454,7.56303162542053,0.272733181992465,0.0105769736692309,0.982846915721893
502,16.6846772326194,18.0965139462111,16.6909950465243,18.3358715345003,7.64070136090606,9.52894045238797,21.6518632458764,1.41183671359168,1.64487648797601,1.88823909148191,0.466140529041943,0.0197939351201057,0.986416220664978
503,11.0076354451721,16.0923797895189,11.0131954173176,16.0809807295744,2.27072118176826,7.32541857167915,18.3264392799087,5.08474434434677,5.06778531225678,5.05469738991089,0.433832250604729,0.0207073781639338,0.98533046245575
504,5.74354683088895,14.3246932319252,5.82614001473122,14.2170789594247,-2.1750514827106,6.17965675936883,14.5385110059492,8.58114640103621,8.39093894469351,8.35470824207942,0.283367205422719,0.0106244748458266,0.984675586223602
505,0.919970174147009,8.55375129545474,0.833271434076136,7.95439729234687,-5.43174209211995,0.605783187477001,11.6634736668698,7.63378112130773,7.12112585827073,6.03752527959695,0.172508565381927,0.00981007609516382,0.974309146404266
506,16.143306856491,20.0005068070508,16.1401184797393,20.5926771783928,8.12156152254783,11.3066627241942,22.9575672186644,3.85719995055982,4.45255869865354,3.18510120164632,0.722165728430095,0.0655785351991653,0.984120547771454
507,11.7410470921665,17.7360216007885,11.7516743150403,17.8567662599232,6.07286137668508,11.2228471645052,21.6451451814368,5.9949745086219,6.1050919448829,5.14998578782009,0.763888397098191,0.0613536462187767,0.985637009143829
508,6.44670581532876,17.0943653554165,6.46796149283753,17.1784038818046,-0.606415065456436,8.94370158960005,18.0443958319637,10.6476595400877,10.7104423889671,9.55011665505648,0.747362631177574,0.0991934761404991,0.986713528633118
509,1.66857007119024,17.6723963892843,1.68098178568704,17.7013258217585,-1.84281241492528,10.1338853656939,20.285132563953,16.003826318094,16.0203440360715,11.9766977806192,0.647913338078296,0.0295715518295765,0.987330317497253
510,16.2608258296867,18.4036358931357,16.2442046189799,18.8407184781429,8.30050489330684,9.45251472435224,21.8085799783536,2.14281006344905,2.59651385916303,1.1520098310454,0.611788617570576,0.0412107035517693,0.98162043094635
511,10.0580393019376,15.5851590275293,10.0250052629067,16.0394752588394,-0.0544516757710967,6.20583685179231,17.9781616309073,5.52711972559171,6.01446999593273,6.26028852756341,0.388658812140552,0.0109376106411219,0.97654777765274
512,6.59921767794086,15.5121782604842,6.56636043276289,15.5186679983452,0.224140178425512,7.36936581106097,17.9916001484211,8.91296058254335,8.95230756558228,7.14522563263546,0.578186889808406,0.0299472361803055,0.982228338718414
513,0.187073499860151,14.2380618361243,0.359738595413586,14.1446065656489,-5.21307139996774,3.98469975989735,16.1802027729982,14.0509883362641,13.7848679702353,9.19777115986509,0.340281732120875,0.00996773317456245,0.981823623180389
514,15.7021881620455,20.8716807956354,15.7094022476953,21.4651845673298,6.75388792849137,11.6612339692461,22.7827130000944,5.16949263358993,5.75578231963454,4.90734604075471,0.710634962659793,0.0539963059127331,0.983078181743622
515,10.2591739616308,17.3596018820386,10.2742768207979,17.5330792767264,1.76470548939313,7.89362160959303,18.3898768092184,7.10042792040781,7.25880245592849,6.1289161201999,0.536592223985374,0.0302672032266855,0.985143005847931
516,5.00957289515878,15.4116238431145,4.91411240820094,15.3512571165597,-3.08842760908439,5.17667951347093,15.1183884902062,10.4020509479558,10.4371447083587,8.26510712255531,0.542951341520959,0.0268123522400856,0.984805166721344
517,0.222556430490775,15.5256442040922,0.258216524795681,15.4416729038237,-5.25565201363138,5.19089390434329,17.1911243023452,15.3030877736015,15.1834563790281,10.4465459179747,0.561687316401962,0.0512174144387245,0.987107932567596
518,16.3386903436273,20.059509378228,16.3507021781213,20.7107833952274,9.85047322663772,12.6106944840387,23.7075812103643,3.72081903460066,4.36008121710606,2.76022125740093,0.623206839031212,0.0201578699052334,0.9803466796875
519,11.3507035645385,16.1276391498891,11.3162850080206,16.1716480420948,4.19794853903117,8.54950162451312,19.0109478396959,4.77693558535056,4.85536303407418,4.35155308548195,0.550817177803945,0.0149355195462704,0.984007656574249
520,6.35950846455584,12.6033438150724,6.37349847720473,12.4940525460398,-0.783578179608681,5.48360566657683,16.4685208564721,6.24383535051659,6.12055406883511,6.26718384618551,0.338435007008035,0.00877085886895657,0.972717642784119
521,1.21500537638352,8.61561752699988,1.17525598242453,7.97310775401872,-3.56868941160905,1.84540999216444,12.1507729569136,7.40061215061635,6.79785177159419,5.41409940377349,0.258247510273513,0.00921585969626904,0.975981414318085
522,15.2046178016639,19.4367226954939,15.2013477501432,19.7913095442685,3.41545291470393,8.17948917046554,22.0369473167106,4.23210489383,4.58996179412533,4.76403625576161,0.399168298697074,0.0113719971850514,0.982696413993835
523,11.679005367423,18.0792086931642,11.6823002031781,18.2061153269694,2.70231977261087,8.52458358590904,21.4479450580886,6.40020332574112,6.52381512379126,5.82226381329817,0.591687801664848,0.0233958549797535,0.987304627895355
524,5.80583173575015,14.3752310519097,5.80709802741016,14.2694788662541,-1.71016187823757,5.55925786918385,17.3545910204846,8.56939931615954,8.46238083884392,7.26941974742142,0.3314121439006,0.0100141800940037,0.980385661125183
525,1.58366188352539,9.74562114666378,1.58259723048749,9.25965913663001,-3.3637172175443,3.77985925633749,13.5864303273369,8.16195926313839,7.67706190614252,7.14357647388179,0.39048197452736,0.00969911925494671,0.981906056404114
526,16.036501669515,20.5461303172604,16.0329628306392,21.0109255810446,9.04950149860106,12.8754384173727,22.773652089035,4.50962864774539,4.97796275040534,3.82593691877165,0.696972983750377,0.0464714020490646,0.983351528644562
527,10.8824993992661,18.3493253365337,10.8817503917594,18.5022277013814,2.6821462816734,9.46122226746979,18.7711835799432,7.46682593726765,7.62047730962203,6.77907598579639,0.662790147538194,0.065177708864212,0.985019445419312
528,5.73874771869016,18.4549021791011,5.74055689642357,18.5342866807596,-1.43325733876708,8.16397975398488,19.0382526724168,12.7161544604109,12.793729784336,9.59723709275196,0.597472592192169,0.0568851158022881,0.985745191574097
529,0.104496471090295,16.8473299181122,0.144402937113976,17.1169791565069,-3.81170137969079,6.59123670311095,18.2537539424011,16.7428334470219,16.9725762193929,10.4029380828017,0.389677015591012,0.0298301037400961,0.986559271812439
530,15.5071476911946,17.535516725572,15.5186104269971,17.7511941309725,5.87686865894792,7.69600755289657,20.6932103183847,2.02836903437746,2.23258370397536,1.81913889394865,0.619846686787889,0.0398576594889164,0.982921838760376
531,10.9656819408407,18.6621440402041,10.9433151180666,18.8274524504034,1.1249610200756,8.26044407071577,20.8502703884247,7.69646209936333,7.88413733233672,7.13548305064017,0.578870978534055,0.0444620437920094,0.983589947223663
532,6.47350226485062,16.4212367449696,6.47122921903098,16.6048625003061,-0.0654044463003171,8.62275172999653,17.6796202718218,9.947734480119,10.1336332812751,8.68815617629684,0.516122439425573,0.0191473290324211,0.984750151634216
533,1.28596605444763,12.1633796184042,1.30963731272996,12.0741195937387,-3.12458656150978,5.6589048760368,15.7999814041842,10.8774135639565,10.7644822810087,8.78349143754657,0.311279234952841,0.0103462990373373,0.978744328022003
534,17.0584117299861,18.0445497226042,17.0776051129884,18.3336142081485,12.9588803881143,12.2001729283801,22.4679446379995,0.986137992618076,1.25600909516016,-0.758707459734154,0.748617489571837,0.0631012320518494,0.984046876430511
535,11.9782495979734,16.4012376327859,12.0028775218547,16.5877426558547,5.51073658869963,9.65225272758672,18.6803527755111,4.42298803481251,4.584865134,4.14151613888709,0.711480249894491,0.0358151011168957,0.988086104393005
536,6.11856477335285,15.4437002971181,6.07972520975594,15.3768036485632,-1.89986671979156,6.26595675330012,16.2350911950916,9.32513552376524,9.29707843880725,8.16582347309168,0.583967201249777,0.0273782722651958,0.984445989131927
537,1.7493767606302,13.7602677443335,1.73276205942262,13.60680984546,-0.0300157683025486,8.20712164128234,14.8785256161757,12.0108909837033,11.8740477860374,8.23713740958489,0.676139273680105,0.0412108898162842,0.986544549465179
538,16.4441219042942,17.7692010545334,16.4588970710357,18.1548500158378,10.8609156568918,10.4946279458641,22.5872405667544,1.32507915023915,1.69595294480209,-0.366287711027727,0.594627155553307,0.0270647201687098,0.984757423400879
539,11.197467657056,16.386481080768,11.1943846971605,16.4652099391041,0.96829359615299,5.7070636041028,19.5645753149271,5.18901342371203,5.27082524194367,4.73877000794981,0.469399111951362,0.0140373697504401,0.980161368846893
540,6.00943011146733,11.0717648614773,6.0218365240808,10.8161017353393,-0.948655773661373,4.9882679009484,16.3175054942418,5.06233475001001,4.7942652112585,5.93692367460977,0.257702643034474,0.00882107578217983,0.973308682441711
541,1.26176430576003,6.80123157617182,1.14051245025637,5.90199758150388,-4.11657944240402,0.56934954390838,12.0739474734631,5.53946727041178,4.76148513124751,4.6859289863124,0.203707789748305,0.00898951850831509,0.953815519809723
542,15.5790531493451,19.0718092699605,15.596751041264,19.2529898838424,6.59786742770415,10.2441968533789,21.5606277173164,3.49275612061537,3.65623884257841,3.64632942567472,0.452437164806448,0.0178481359034777,0.984855473041534
543,10.9640036183907,15.9666728361036,10.9515656828488,15.9863209409457,1.50029910993254,6.54076031468608,18.3661570298672,5.0026692177129,5.03475525809694,5.04046120475355,0.445668827539271,0.0121179427951574,0.986662805080414
544,7.16619780700277,12.0624027182624,7.15240479851974,12.0438218006405,0.0540298897950978,5.28943189104274,15.2961350068216,4.89620491125965,4.8914170021208,5.23540200124765,0.309848434627614,0.00880961772054434,0.980373859405518
545,0.775614228835696,7.90288577672807,0.81405881653678,7.24967370805641,-5.44012646439636,1.7678387280989,12.9543485763574,7.12727154789237,6.43561489151963,7.20796519249526,0.270427353824263,0.0112479915842414,0.977981984615326
546,15.8893277523517,20.8958990115798,15.8975085410797,21.5012183319857,7.80040789544764,11.9659033574164,23.1810352941636,5.00657125922817,5.60370979090601,4.16549546196873,0.690349806193981,0.0574300177395344,0.986323714256287
547,11.5526442783344,18.5478564609264,11.5545939271171,18.6503519056196,6.17187395777852,11.6722365200818,21.6402794231416,6.99521218259205,7.09575797850247,5.50036256230327,0.751975200799287,0.0709449425339699,0.983837842941284
548,4.96081397294314,17.7855714115356,5.01275237273443,17.8278068511283,-2.40082073036192,8.14063660130908,18.0325523879701,12.8247574385925,12.8150544783939,10.541457331671,0.525723406589508,0.0530363358557224,0.986809134483337
549,0.481615834317615,15.6477430755947,0.476959541800043,15.6603226283697,-3.26190553358683,7.54311524262117,15.3873727019994,15.1661272412771,15.1833630865696,10.805020776208,0.440987441359668,0.0243421066552401,0.986267328262329
550,16.5606126016259,18.8742629446613,16.5533862891775,19.359788470861,8.4048043322096,10.5200626573825,21.865865741813,2.31365034303539,2.80640218168356,2.11525832517288,0.663980480013177,0.0447280518710613,0.984542489051819
551,10.648622231077,16.3993603143657,10.6531336104737,16.5080886417641,6.025260248772,9.11826171925325,18.9037624173103,5.75073808328868,5.85495503129039,3.09300147048125,0.63882341038467,0.0403435193002224,0.98519092798233
552,6.48905455442783,14.1833637969353,6.47943906926516,14.0274001692508,-7.83009923147025e-05,7.17768526997442,16.1997867541587,7.69430924250742,7.54796109998568,7.17776357096673,0.564679164044319,0.0226380936801434,0.983187973499298
553,0.99898095507386,15.2404293862875,0.987418442520699,15.2844844846076,-4.29847545691131,5.45311718930293,17.3408509084044,14.2414484312136,14.2970660420869,9.75159264621423,0.362101417055145,0.0130395367741585,0.983099818229675
554,16.5459854637684,21.1442918038085,16.551743703249,21.8890717043264,7.41675903837672,12.6000978268922,23.5954023872607,4.5983063400401,5.33732800107745,5.18333878851548,0.743970426933611,0.050310805439949,0.983401656150818
555,10.09479051019,18.4184406761816,10.1507145609996,18.5962324140284,4.41361861370447,9.16955659178749,20.9911780019537,8.32365016599162,8.44551785302882,4.75593797808302,0.683139929176112,0.0797297805547714,0.984662413597107
556,5.22542057032829,16.3673782828363,5.20708758488252,16.4174065381603,-1.84754822480693,6.21671820865868,18.8856870080246,11.141957712508,11.2103189532778,8.06426643346561,0.327052834097403,0.011673298664391,0.984044253826141
557,1.43429016984295,14.7843216734489,1.43863385528167,14.6765971547273,-3.12845153799502,7.80676954689221,16.8966936408353,13.350031503606,13.2379632994456,10.9352210848872,0.639201737255102,0.0343625098466873,0.985798597335815
558,16.3910763101038,19.413014779196,16.3871772508025,19.792916516943,8.94633260273973,11.5908543018315,22.0592281415689,3.02193846909219,3.40573926614053,2.64452169909177,0.618078681221607,0.0223106574267149,0.980566740036011
559,11.2677609507803,16.3914449972366,11.2774219409844,16.5190504182857,1.57475164437283,6.52943605522855,21.0235949087187,5.12368404645624,5.24162847730138,4.95468441085572,0.49799316789824,0.016890587285161,0.980231106281281
560,5.76071698498948,14.7792619745093,5.73961499775512,14.7015320690442,-1.67269190662417,5.45196289562019,18.4731039356432,9.01854498951978,8.9619170712891,7.12465480224436,0.399001422619748,0.0100606810301542,0.982239127159119
561,0.888871594790706,8.41439827482845,0.998701275955931,8.07286271114843,-4.16219482133645,1.69918874343071,13.639342344762,7.52552668003774,7.0741614351925,5.86138356476717,0.220752421063595,0.00844474881887436,0.959120631217957
562,16.8507625570128,18.1316819059151,16.8458560023177,18.8739082829477,8.3226025292012,9.99325458671772,22.2495901282924,1.28091934890229,2.02805228063007,1.67065205751651,0.416508979630365,0.0120903924107552,0.979652762413025
563,11.3460578661199,15.941918861009,11.3537989324987,15.9858404206688,3.67188282321063,8.23325531001234,19.7098038158928,4.59586099488908,4.63204148817012,4.56137248680171,0.437053281919084,0.0093421870842576,0.982268214225769
564,5.35318549421515,17.5306837740573,5.38412471074461,17.8320990216784,-3.30153846187197,6.0313631327168,20.0902312770652,12.1774982798421,12.4479743109338,9.33290159458877,0.37744066828578,0.0103229973465204,0.985508620738983
565,1.45149872624227,11.2202856942535,1.45039486096253,10.8861084006786,-5.30468281356322,1.04479695935446,15.3448876947463,9.76878696801123,9.43571353971607,6.34947977291768,0.224672491009754,0.0102760577574372,0.977940559387207
566,15.3310196406131,20.8581325086274,15.3329913889541,21.2084700611826,3.96243557746837,9.5980824879655,22.5526003004051,5.52711286801433,5.87547867222855,5.63564691049713,0.694191407512366,0.06448894739151,0.984772145748138
567,11.6061817959959,18.9048387011183,11.605300108735,19.1707404461945,7.5995191587314,12.6062163897212,21.0858509537249,7.2986569051224,7.56544033745943,5.00669723098976,0.745065688653608,0.0663260146975517,0.984108209609985
568,6.58777993012177,17.6207219142035,6.58563428051413,17.6868631995254,0.604484194648157,9.47826859148028,19.5056904697325,11.0329419840818,11.1012289190113,8.87378439683212,0.731526991412119,0.0663923248648643,0.985421538352966
569,0.00983481590582866,16.3199541215611,0.0758240405231757,16.3219081342373,-4.99074377778316,4.85338018119939,19.3134039075466,16.3101193056552,16.2460840937141,9.84412395898255,0.52242415158025,0.0337472967803478,0.986252963542938
570,15.4357619617252,17.033896952319,15.4407573804025,17.2495183640918,5.45028985654633,7.28276466405272,20.7690539283069,1.59813499059386,1.80876098368924,1.83247480750639,0.479337296597342,0.032629705965519,0.98246830701828
571,10.7544422234027,18.4337642898677,10.7543746033431,18.6465279706632,1.36164903480658,8.66027482613401,19.2053640702133,7.67932206646496,7.89215336732017,7.29862579132743,0.595151300286661,0.0251179244369268,0.984635829925537
572,5.99702792376684,18.6527603064027,6.0286715668088,18.8153747977422,-1.13488521720932,8.7403895054049,20.3256132949374,12.6557323826359,12.7867032309334,9.87527472261422,0.520425689821839,0.0219002570956945,0.985841572284698
573,0.185597464654061,13.1493950997315,0.288553089522626,13.0637133784726,-4.82100372639034,3.80874332535183,16.4627238264477,12.9637976350775,12.77516028895,8.62974705174217,0.223223129255434,0.0105026410892606,0.979503631591797
574,16.3885692335073,20.7044425972185,16.3901594969155,21.4812612664999,8.13666993636941,12.1019706626256,23.4978540179704,4.31587336371123,5.0911017695844,3.96530072625624,0.725611247638291,0.0338846743106842,0.984633386135101
575,10.8783028148213,18.5800791929654,10.8635184042089,18.743314419526,2.52198880200877,9.76539733931661,19.161312374815,7.70177637814407,7.87979601531713,7.24340853730784,0.678103773464482,0.0452469736337662,0.985073149204254
576,6.71545679537226,16.9233773894473,6.76022195152263,16.9503673787001,0.755450484714323,10.1133615145827,19.3045586970121,10.207920594075,10.1901454271775,9.35791102986841,0.725291001697606,0.0474684163928032,0.985420167446136
577,0.370927454106895,15.3849717664749,0.272840270187467,15.3239075491998,-5.25342760089534,4.52940269142583,15.9167739386361,15.0140443123681,15.0510672790123,9.78283029232116,0.658483072438337,0.0355772264301777,0.986293911933899
578,16.236489205152,18.2907595301921,16.2233351232057,18.9746318911651,8.23931091764812,10.537657427232,22.5916422238556,2.05427032504008,2.75129676795945,2.29834650958384,0.517431751689255,0.0116846477612853,0.981729686260223
579,10.7344902245974,16.483447663968,10.7209278198428,16.6089602930032,2.2408492388653,6.9179865279798,18.6760336630264,5.74895743937055,5.88803247316042,4.67713728911451,0.520354761454548,0.0195730309933424,0.981787800788879
580,6.44002254010791,12.1974245771865,6.46542855389394,12.0839011360126,-0.872376847533706,5.47529038543354,15.3501758492045,5.75740203707856,5.61847258211868,6.34766723296725,0.311728699500644,0.00904865190386772,0.979282677173615
581,1.63222662554945,11.6401622476675,1.61599043350099,11.4114353982789,-2.40889359716282,4.995218479116,14.2616570035119,10.0079356221181,9.79544496477791,7.40411207627882,0.324081154362623,0.0100818499922752,0.982395112514496
582,14.3270692492427,17.9898985746495,14.2960687174391,18.3342195392987,2.1502083966146,5.85465579307266,19.4049522648765,3.66282932540674,4.03815082185959,3.70444739645806,0.314617819078153,0.0108871329575777,0.982968986034393
583,11.5943208229097,16.1895498395655,11.605074320131,16.3165071896971,1.58651708729372,6.239386362782,21.0113423586058,4.59522901665578,4.71143286956612,4.65286927548828,0.418615954141965,0.0153248431161046,0.984183251857758
584,7.05020094596133,14.0653736458477,7.01898888700063,13.97272419747,0.377807084967846,7.21401186844121,15.4392324729012,7.01517269988634,6.95373531046938,6.83620478347336,0.523724220204926,0.00993461348116398,0.981516242027283
585,0.505735645162805,10.3912776384495,0.397222433620299,9.98266078644399,-5.11101434367015,2.47373977564329,13.7636715416217,9.88554199328666,9.58543835282369,7.58475411931344,0.246889473815219,0.0101790502667427,0.98016881942749
586,16.5214950527972,21.3953781572943,16.519590086372,22.1627285755911,8.46479049771477,12.9561712443879,23.9929968597965,4.8738831044971,5.64313848921908,4.49138074667312,0.773186683810207,0.0808121711015701,0.984111309051514
587,10.4384992177537,18.6371467762336,10.4609689774658,18.7145965289956,0.36337501129036,7.45616064851724,19.7873693062941,8.19864755847987,8.25362755152981,7.09278563722688,0.643678898564,0.0590112991631031,0.987505555152893
588,6.45652301010027,16.9905018539079,6.45144274485325,16.9936719715597,1.00027735939936,9.55708326388873,18.7681063903646,10.5339788438076,10.5422292267064,8.55680590448938,0.689946301616417,0.0468994900584221,0.987642645835876
589,-3.081733411628,16.7661077618436,-3.1145912726763,16.7134522120089,-7.18119214419753,1.27515916120893,18.9906115935379,19.8478411734716,19.8280434846852,8.45635130540646,0.271576416004022,0.0202836319804192,0.986753284931183
590,15.6563010225689,19.9594814628783,15.6505535900334,20.4673646544308,6.14121779802747,10.2857907610808,22.5121235068393,4.30318044030938,4.81681106439746,4.14457296305332,0.607570853995996,0.0278731007128954,0.980234205722809
591,9.88667232118016,18.5862239647011,9.87880710696978,18.7396925536488,0.0538089030755512,6.40735025377675,21.397737754988,8.69955164352093,8.86088544667905,6.3535413507012,0.497855177457134,0.0222806166857481,0.984758257865906
592,5.64889074680163,16.1871205247404,5.69593237171805,16.127244034004,-1.94052661420946,6.61937448167798,18.0801986136855,10.5382297779387,10.431311662286,8.55990109588744,0.659905473020453,0.0368038825690746,0.984965801239014
593,0.832632449200203,13.1141145202161,0.837572047345917,12.9207197346429,-3.51844523782943,4.53977297879969,16.6303986340915,12.2814820710159,12.0831476872969,8.05821821662912,0.374272051635892,0.0111049450933933,0.983063399791718
594,15.0871036233265,19.7439350656344,15.1067081415533,20.2459119379473,4.76757145103478,8.851095238433,22.4533686275337,4.65683144230791,5.13920379639401,4.08352378739823,0.668043812049485,0.0635948553681374,0.983032882213593
595,10.3416471663397,18.327705532919,10.3437684561464,18.4723161527511,1.4440912092471,8.3537184710035,19.3196982310076,7.98605836657921,8.12854769660472,6.9096272617564,0.674590294916976,0.0561609007418156,0.983467817306519
596,6.48202464136723,17.1026295612373,6.41422002984421,17.1430267007729,2.18900835506011,10.2687986196845,18.9035874715998,10.6206049198701,10.7288066709287,8.07979026462442,0.761873841735871,0.0689349919557571,0.986954271793365
597,1.59411192834778,15.8337624224225,1.52081193924309,15.7765666867827,-3.14139370890535,7.72399930272441,16.9221734757851,14.2396504940747,14.2557547475396,10.8653930116298,0.595746059400365,0.0142380511388183,0.986404180526733
598,15.6138409541237,18.1539836757028,15.6362117536281,18.6549968650527,5.9337703771825,9.40723525054174,22.3549652447298,2.54014272157907,3.01878511142459,3.47346487335924,0.477767087235243,0.0156922955065966,0.980346918106079
599,10.5034949758515,15.7985570297709,10.5198988428075,15.9182513560151,2.83858660760442,8.0206872974356,18.5450348548897,5.29506205391943,5.39835251320756,5.18210068983119,0.379430481773168,0.010922878049314,0.982160329818726
600,5.78665318573497,14.5157607230517,5.83593404293735,14.5380486576569,-1.64254905402493,5.5383480637681,17.3984112059635,8.72910753731675,8.70211461471954,7.18089711779303,0.360696444951919,0.00988050829619169,0.981784582138062
601,0.986347080417081,6.36824636285227,1.12010144838065,5.51578999512131,-5.23532018978943,-0.794096987427687,11.6000122387286,5.38189928243519,4.39568854674066,4.44122320236174,0.234639305310003,0.00904634315520525,0.95792418718338
602,16.8312812110874,18.5897100950783,16.8340309001638,19.0914465482202,6.35537134016131,9.18082745189068,24.1492842747524,1.75842888399092,2.25741564805646,2.82545611172937,0.478310402178646,0.0139980847015977,0.980747759342194
603,9.57539111047513,14.5478313130368,9.62260397209204,14.4923419621797,-1.97455407745987,3.82775901059573,17.1280542133977,4.97244020256166,4.86973799008768,5.8023130880556,0.270868344801464,0.00973432511091232,0.980558097362518
604,6.09463005072899,12.8050316138339,6.04205255444401,12.598603491985,-4.0310985059949,1.89309301791988,14.9863754674647,6.71040156310486,6.55655093754097,5.92419152391479,0.216886039600494,0.0100224856287241,0.984832942485809
605,1.460596232645,11.5484391845065,1.53695181472556,11.2820693339125,-4.516443915033,4.34884959944371,13.4050255628897,10.0878429518615,9.74511751918695,8.86529351447672,0.338595324498896,0.0115787973627448,0.982030749320984
606,16.3859077841583,19.6798893432708,16.3905789145131,20.1867959374626,9.67404655668195,12.5394145630893,21.9166669735138,3.29398155911252,3.79621702294948,2.86536800640739,0.747081537438375,0.0679688528180122,0.984708189964294
607,11.4550819564665,18.5928173597279,11.4574441357153,18.8429807256656,5.06373395761091,11.2587390180915,20.127039598673,7.13773540326146,7.38553658995028,6.19500506048055,0.763524608528626,0.0619965977966785,0.984342813491821
608,6.02906750859385,16.042601680179,6.0128674782983,15.9851011791906,-0.825320619069572,7.00407147593663,19.4247882498276,10.0135341715852,9.97223370089225,7.8293920950062,0.672280107842057,0.0663887485861778,0.986335873603821
609,2.15772697959618,15.2029760520078,2.11804537505833,15.1406009292746,-1.40201781067729,9.12554971410701,15.5905924460441,13.0452490724116,13.0225555542163,10.5275675247843,0.692633005259183,0.047918539494276,0.98711222410202
610,14.9748962580285,18.9089080591975,14.9489653628555,19.2775938915143,2.52091406972953,6.61650826459958,21.1376284101946,3.93401180116905,4.3286285286588,4.09559419487005,0.586129528013474,0.039938323199749,0.981278777122498
611,11.531569416467,16.6377933281363,11.5241453172028,16.7372356698058,4.4844171912745,8.95736055713348,19.0020842219872,5.10622391166935,5.21309035260293,4.47294336585898,0.598954056500873,0.0302460398525,0.983796000480652
612,5.8231024824513,14.5520621554588,5.80942213103651,14.5789130629875,-0.302526857244466,5.87871960319401,15.9934768506626,8.72895967300746,8.76949093195098,6.18124646043847,0.522454189535859,0.0250509195029736,0.984205603599548
613,1.67315740859115,15.4660129982888,1.74750773093513,15.4895802107373,-1.41477373986283,8.64847163665083,16.0747113535182,13.7928555896976,13.7420724798022,10.0632453765137,0.55722216407529,0.0160453319549561,0.985148549079895
614,16.7799983536791,19.2679297826972,16.7947918115401,19.6127089977827,10.3683841606768,12.5617156574972,22.8341362994348,2.48793142901804,2.81791718624264,2.19333149682041,0.76428376507844,0.0718127489089966,0.987069010734558
615,11.4880805746612,19.0148598602212,11.5360313609343,19.2937342325022,5.22542036016534,10.9838543133815,21.4476898011605,7.52677928555996,7.75770287156787,5.75843395321615,0.742371124246509,0.0602227374911308,0.983955025672913
616,5.76171393980926,17.2516098280358,5.75299176838574,17.26803552999,-1.91151246577586,6.35474807560126,17.650825222369,11.4898958882266,11.5150437616043,8.26626054137712,0.627406486409913,0.0608754642307758,0.987141489982605
617,0.690935717600247,16.891106119286,0.644681808270229,16.90941174225,-3.68696170122994,7.80280579798975,16.793240506542,16.2001704016857,16.2647299339798,11.4897674992197,0.556330696833147,0.0390541888773441,0.986820161342621
618,15.8492715619867,18.2630347875183,15.8501044607498,18.675459807545,12.4483066507357,10.7749798909671,23.1867488800116,2.41376322553156,2.82535534679526,-1.67332675976863,0.615847239111323,0.032225850969553,0.984089136123657
619,10.7341065686951,15.9291973952026,10.7589068483167,15.9185980883417,1.27686757963601,6.51146825194166,19.4719917013138,5.1950908265076,5.15969124002499,5.23460067230565,0.318869938837746,0.00972027517855167,0.984800815582275
620,6.2895709043277,11.4774513487429,6.3115747897324,11.1844921785231,-0.94660217399216,3.8046540493029,15.4655285458669,5.18788044441523,4.87291738879066,4.75125622329506,0.358283183598325,0.00850532203912735,0.979834258556366
621,1.56421511304382,7.48316644386186,1.5419663541473,6.87231798498783,-3.73813194855794,0.869413585481166,15.6559782628959,5.91895133081804,5.33035163084052,4.6075455340391,0.355012555153295,0.00980078428983688,0.985218822956085
622,16.8191199907847,18.9666823168614,16.8183359150258,19.4863560095023,8.98671626221059,11.705830341027,22.1710292827787,2.14756232607674,2.66802009447655,2.7191140788164,0.558027213190742,0.0104771358892322,0.984424591064453
623,10.7313619517198,16.5139937882096,10.7295624745361,16.5593652521326,0.699433963430258,6.37668947897449,18.3411073143255,5.78263183648989,5.82980277759648,5.67725551554424,0.427420127781441,0.0153493341058493,0.984129786491394
624,6.97595581107405,12.6358056966814,6.94944472747372,12.5647288168187,-0.0260570634672772,6.2629012981183,16.8776752779593,5.65984988560733,5.61528408934497,6.28895836158557,0.397430569821506,0.00919778645038605,0.980976641178131
625,0.949753815958486,11.4154438419502,0.922204725448335,11.1049841525936,-4.60065635632255,3.79488482960094,14.0477730091064,10.4656900259917,10.1827794271453,8.39554118592349,0.271568800532881,0.0113166868686676,0.983518362045288
626,16.41174907388,21.078859788059,16.4190903360057,21.8019150458067,8.48701415719385,12.8749782635509,23.3665783039568,4.667110714179,5.38282470980096,4.38796410635701,0.745669963136705,0.0792917460203171,0.984565317630768
627,11.5754313239733,19.2544129956013,11.5663518924896,19.537639486943,4.16502842859711,11.2478550600517,20.7554734184819,7.67898167162804,7.97128759445338,7.08282663145457,0.710298619936016,0.0556249022483826,0.986071050167084
628,5.58969985051155,17.9383927745594,5.60771017935093,18.0392569488465,-0.243251612797249,8.17752502878724,20.4392014313841,12.3486929240478,12.4315467694956,8.42077664158449,0.649287157499414,0.0481461882591248,0.987334847450256
629,0.866406731936962,16.5851519508231,0.843521651318454,16.6732812594842,-2.93618828159395,7.86909146425775,17.5700433282601,15.7187452188861,15.8297596081657,10.8052797458517,0.57407568705377,0.0558299124240875,0.986228942871094
630,16.6991558142509,19.442712297927,16.7141537899585,19.7017064590604,8.08533074422535,10.6263022478939,23.3522132908526,2.74355648367606,2.98755266910194,2.54097150366854,0.724599411554716,0.0357880592346191,0.985469460487366
631,10.417683559567,16.8921417101242,10.3856114841665,17.0002251493112,1.99335339474674,8.08565439661343,17.5080840725872,6.47445815055722,6.61461366514475,6.09230100186669,0.589443931059693,0.0331796482205391,0.982719540596008
632,6.49761593712785,14.9745971492337,6.5180377515425,14.8875267077985,-0.660327218194227,6.09150066959264,19.0823208723584,8.47698121210585,8.369488956256,6.75182788778686,0.559143485654954,0.0370513871312141,0.982211530208588
633,1.24764461890555,15.3369605965146,1.2459352218048,15.5166364313552,-1.77526879635725,7.46884204945596,16.5778598582718,14.089315977609,14.2707012095505,9.24411084581321,0.474512576801405,0.0166834760457277,0.986025154590607
634,16.2768866364472,21.9109784916524,16.293862780387,22.4834141853427,7.55084429150758,11.8219512383002,23.7714141803298,5.63409185520517,6.18955140495569,4.2711069467926,0.745105639549561,0.0555909052491188,0.984153807163239
635,11.4350323516072,18.87672996156,11.4251291527571,19.1650477237811,4.84595806915504,10.8673705825475,20.5765699077547,7.44169760995282,7.73991857102402,6.02141251339246,0.711421489943816,0.0275312792509794,0.986266076564789
636,6.32468226154752,18.1272496591887,6.31445127758658,18.2119419074871,0.386200822531683,9.76672460941015,20.1406891782592,11.8025673976412,11.8974906299006,9.38052378687847,0.646336907873109,0.0274059940129519,0.985913574695587
637,1.41913448299946,14.2321114439063,1.36395031850118,14.105433191581,-1.86998259672197,7.45027312835989,15.5317406448876,12.8129769609068,12.7414828730799,9.32025572508186,0.607774719541088,0.0112164979800582,0.986971139907837
638,16.434905490982,21.7437187127396,16.4397954983592,22.5051481119188,11.4164894522587,13.2903742322445,25.4724314091916,5.30881322175759,6.06535261355962,1.87388477998582,0.677106165700166,0.0325218550860882,0.981683790683746
639,10.3837237120042,16.2837887976538,10.4163011637489,16.2991020031858,2.29511549198304,7.33101916072595,18.0127667119843,5.90006508564965,5.88280083943688,5.03590366874291,0.453162154039783,0.022952089086175,0.98397958278656
640,6.08150605369458,16.1721432864742,6.08243548473043,16.1803220115687,0.759853116180801,8.11187825161529,17.5469961710976,10.0906372327796,10.0978865268383,7.35202513543449,0.48250975593502,0.013432651758194,0.9835284948349
641,1.796564161358,12.6917220677689,1.70454732429639,12.6315490918708,-1.45342574760138,6.49066456064765,15.1092457631916,10.8951579064109,10.9270017675745,7.94409030824903,0.388397056431712,0.0113878436386585,0.982198894023895
642,15.7356347377681,18.6014511182891,15.7543568780431,18.9119755589485,4.59524332069387,8.47138109817341,21.595462040961,2.86581638052093,3.15761868090537,3.87613777747954,0.335048700013466,0.00949354749172926,0.984310269355774
643,11.2736779096652,15.6912980226814,11.2657018015151,15.89303527569,1.79585859820959,6.64234650493064,18.5915965554994,4.41762011301615,4.62733347417496,4.84648790672105,0.385569664407663,0.00890195928514004,0.981760919094086
644,6.76357779254482,12.6308151406919,6.76225181051011,12.4212841354838,0.21459720224305,5.602427778385,15.0801646505445,5.86723734814712,5.65903232497367,5.38783057614195,0.356077884736249,0.0097770132124424,0.983524799346924
645,1.13418404415361,12.4275824304874,1.04893625257204,12.215812663281,-4.87201818965249,4.20881799981908,14.833308327541,11.2933983863338,11.1668764107089,9.08083618947157,0.296945914441377,0.0101880002766848,0.982958257198334
646,16.4194916418563,21.5721297341991,16.4254536360914,22.1001007126475,8.34572036590624,12.3590876700036,24.4233017210963,5.15263809234278,5.67464707655612,4.0133673040974,0.736752889914423,0.0801859200000763,0.985488831996918
647,10.6880892072496,17.1095552996313,10.6573215588377,17.191959921945,1.23110882319959,6.36452760414734,18.3691866558625,6.4214660923817,6.53463836310722,5.13341878094775,0.704154119603779,0.0737955197691917,0.984264731407166
648,6.58215722863372,16.950924663608,6.57031676571197,17.0174664711015,1.23143748676981,9.85503705231481,17.677440731852,10.3687674349743,10.4471497053895,8.623599565545,0.717857421084082,0.0407021343708038,0.986350119113922
649,-0.00133259988423961,18.5567015002441,0.00242549580598459,18.7427369860885,-5.13819713172263,7.63167628487351,19.5037649753422,18.5580341001284,18.7403114902825,12.7698734165961,0.494208709955472,0.0243240334093571,0.986969351768494
650,15.6635270191008,17.6004683259932,15.667678299829,17.6831670203185,5.78373466805436,8.43622095827904,22.824691493313,1.9369413068924,2.01548872048956,2.65248629022468,0.623128100133984,0.0275010019540787,0.98147451877594
651,11.3861427904745,18.7033363057182,11.3971134661655,19.1328845880682,5.53754182313051,11.501784722387,21.3275393218011,7.31719351524371,7.73577112190274,5.96424289925652,0.599380335747939,0.0262373629957438,0.982948362827301
652,6.91986203972993,16.3586336198117,6.91011789387415,16.5096711615684,1.73882243966246,9.80328346799753,18.8109301899398,9.43877158008173,9.59955326769422,8.06446102833507,0.549920705890925,0.0136654442176223,0.985767006874084
653,0.445320174487433,8.83255567918949,0.412879418741601,8.28584358090955,-5.92469148701968,0.334835514675677,14.6585667782837,8.38723550470206,7.87296416216795,6.25952700169535,0.341789346900062,0.0142174726352096,0.983541548252106
654,14.5733447040922,21.1688438588821,14.5726941439482,21.5674979506925,1.30939071829446,7.62336609850046,23.0052596789251,6.59549915478999,6.99480380674428,6.313975380206,0.632757869148012,0.0582810565829277,0.984917819499969
655,11.3372353997239,19.3561923409091,11.3277130125986,19.6017801746232,3.7233542038915,10.8503047926198,20.7842954438622,8.0189569411852,8.27406716202454,7.12695058872826,0.75051959420131,0.06019526720047,0.986313819885254
656,6.04042267058623,15.6129209242061,6.03487733140166,15.5418821866885,-2.07636194617383,5.66054019107528,18.2676927046301,9.57249825361989,9.50700485528688,7.73690213724911,0.56126917078254,0.0155360018834472,0.986181557178497
657,0.426751526374376,16.6264428986449,0.498169708669688,16.6357356997792,-5.00713125579945,4.9971816803224,19.933737335937,16.1996913722705,16.1375659911095,10.0043129361219,0.387873608846531,0.0181407071650028,0.98703521490097
658,15.9771911831443,17.9595754745762,15.9887675532776,18.3184319148944,5.83040341832832,8.80091594080642,22.6145545564929,1.98238429143194,2.3296643616168,2.9705125224781,0.46513633882733,0.0148284863680601,0.98006284236908
659,10.7834066386946,16.0199101593489,10.7486179798899,16.2911746228208,3.6624575790916,7.70133849087284,18.9247860637646,5.23650352065432,5.54255664293092,4.03888091178124,0.45421513676188,0.0158374067395926,0.978839218616486
660,6.13339299762302,12.3967493015327,6.13448530207189,12.3123373169078,-1.24764831403017,4.87956252815868,15.4967219464651,6.26335630390968,6.17785201483591,6.12721084218885,0.299833518856039,0.0092623932287097,0.976263344287872
661,1.67888212240281,7.96227298381137,1.73373137095253,7.2351573336944,-3.57452732244904,1.84987977479838,12.716066745985,6.28339086140856,5.50142596274187,5.42440709724742,0.217151187339879,0.0074548264965415,0.970744371414185
662,14.6370122215744,18.0474129068656,14.623979940941,18.4625951639331,2.90550720641525,7.11141120927939,20.8753128021936,3.41040068529122,3.83861522299209,4.20590400286413,0.331528397196926,0.00899165589362383,0.986329853534698
663,10.8248415432503,15.5459527269789,10.8642520650668,15.4371560366358,-0.256135094466891,4.23482167209956,19.7120767866641,4.72111118372865,4.57290397156895,4.49095676656645,0.420185771564459,0.0168701559305191,0.983844339847565
664,5.11095497645437,13.6418121413296,5.14821350744246,13.5791689447194,-4.05580621182414,2.23047913478087,16.8526373775142,8.53085716487519,8.43095543727692,6.28628534660501,0.237051059221779,0.00876228604465723,0.979465305805206
665,1.61059807846719,13.560524832138,1.62629387058859,13.7395119404137,-3.34653043513212,6.29276750545286,16.5680950366963,11.9499267536708,12.1132180698251,9.63929794058498,0.301825487540477,0.0119196493178606,0.982705175876617
666,13.5191507397446,19.0562263014989,13.5202781709066,19.5563414529704,0.830916999017176,6.23037052129426,21.1960662373437,5.53707556175427,6.03606328206383,5.39945352227708,0.645397851536168,0.0508920848369598,0.982184171676636
667,11.3563994712263,18.9748132815636,11.3641290941494,19.1683918278956,4.32693925826252,10.9617034621635,21.5350071548949,7.61841381033733,7.80426273374621,6.63476420390094,0.687185083071172,0.070137046277523,0.983884513378143
668,6.13819689926646,16.4774489084109,6.12051293192355,16.446463475858,-0.973778674798355,6.36462611836081,19.2979847420771,10.3392520091444,10.3259505439345,7.33840479315916,0.682341051293553,0.0525774694979191,0.985196471214294
669,1.48721320794899,15.5481029542709,1.48476839686319,15.4984980977802,-2.41934464190565,7.35569678640005,17.9031290525815,14.0608897463219,14.013729700917,9.77504142830569,0.622099190706558,0.0401436910033226,0.985766053199768
670,15.8843823018387,19.7914723690068,15.881975896665,20.3737897470309,7.67112734226628,10.447613843985,22.9146632542296,3.90709006716808,4.49181385036592,2.77648650171868,0.668154301992058,0.0248876046389341,0.979692697525024
671,9.99996086161376,17.9941234454867,9.98090917784793,18.4066919707106,0.659731409744854,7.41528376331255,19.9099689011569,7.99416258387291,8.42578279286272,6.7555523535677,0.49771096424855,0.0190223064273596,0.984466195106506
672,5.33110682711829,16.1244081210273,5.30100561877681,16.2182112760658,-0.709858519900135,4.82722573414584,20.543182332967,10.793301293909,10.917205657289,5.53708425404597,0.38661110462897,0.0198519621044397,0.982480227947235
673,1.40353716691499,14.7925158450818,1.40878375860896,14.7561968395627,-2.43613706932888,6.91133287783683,16.12307271458,13.3889786781668,13.3474130809538,9.34746994716572,0.521927795682755,0.0256575439125299,0.985370993614197
674,16.3889350294997,21.0204971476687,16.4018528195834,21.8858966837292,13.4860965935248,13.7000494894385,26.9109609169275,4.63156211816899,5.48404386414582,0.213952895913735,0.70769004208905,0.0361818410456181,0.981837213039398
675,10.0250434898442,18.4897482420157,10.0214970999214,18.7568154787071,-0.634039039744035,5.85055656983526,19.7956446263151,8.46470475217153,8.73531837878574,6.48459560957929,0.574497604382056,0.0415671393275261,0.983315110206604
676,6.04819574480338,19.352804787554,6.07111121550389,19.5294688259276,0.96669768279941,11.1006035811027,22.3536436648187,13.3046090427507,13.4583576104237,10.1339058983033,0.658382451806599,0.0467615686357021,0.98615425825119
677,0.0950472299405359,17.0639358662182,0.161711403991076,17.1261603163887,-4.40443405717168,5.40589006231212,18.9652854686368,16.9688886362777,16.9644489123976,9.81032411948379,0.481658807187086,0.0353284031152725,0.986546754837036
678,14.8201113177882,17.4051907409907,14.8533856311174,17.6602113897727,3.75681933966659,7.46383826822872,21.3947262980888,2.58507942320246,2.80682575865528,3.70701892856212,0.385718899353536,0.0112484311684966,0.978879392147064
679,10.8030347493844,15.9086059014347,10.817444291377,16.0751481122133,0.500348078014617,6.11146539924947,19.7134877763192,5.10557115205028,5.2577038208363,5.61111732123485,0.341846591997566,0.00895827729254961,0.978777170181274
680,6.16719631892867,12.2070704633936,6.24585173055787,12.1733040251245,-1.07188908794305,5.66930684765653,15.9180891127162,6.03987414446489,5.92745229456665,6.74119593559958,0.316092223939474,0.00901187397539616,0.977337300777435
681,-1.33360788761961,12.3253665999795,-1.48042209068887,12.1015099579674,-6.64282354346149,0.723844827666583,15.8319942818061,13.6589744875991,13.5819320486562,7.36666837112808,0.169328471329589,0.0100612174719572,0.982252240180969
682,16.6084873944854,19.0586678084674,16.5839895904596,19.5003003128016,9.54973147872274,12.1049800884634,21.6582317049518,2.45018041398201,2.91631072234194,2.55524860974064,0.570212705695694,0.016120009124279,0.980861723423004
683,10.0050286787181,15.2612614633273,10.089334118116,15.4517303563019,-1.34843399508632,5.30375174074325,18.2030179498976,5.25623278460911,5.36239623818596,6.65218573582957,0.298883410819776,0.00925036706030369,0.982743620872498
684,5.82930740726211,14.7773072262632,5.80206094666035,14.7405950582118,-1.68299424993803,4.67068406984885,17.6498573237541,8.94799981900107,8.93853411155149,6.35367831978688,0.327535517167035,0.0106883309781551,0.981563568115234
685,0.581523839947473,9.33567018138552,0.749700143769997,8.80558595529608,-5.47791017497564,2.44344305285142,14.0603879452172,8.75414634143805,8.05588581152609,7.92135322782706,0.208298087037877,0.00968329049646854,0.973009765148163
686,15.860758743289,19.64793320745,15.855707239218,20.3165196953853,7.1467829759331,10.4712079952863,22.3069248071576,3.78717446416097,4.46081245616725,3.32442501935323,0.721818615309937,0.0618673525750637,0.982784569263458
687,11.2999344960117,17.815676796822,11.2857856542631,18.0699169176812,4.27887409657389,9.84108013231134,19.7993477440876,6.51574230081029,6.78413126341811,5.56220603573744,0.723651023695491,0.0678209289908409,0.986070692539215
688,5.87281974946654,15.9593520513988,5.85197049909541,15.9356801477865,0.257298252696944,7.62158234500019,17.436489628876,10.0865323019322,10.0837096486911,7.36428409230324,0.627377371031206,0.0585552155971527,0.984725654125214
689,1.50960926360945,17.3792788722249,1.50842585051429,17.5130641011032,-2.31923364902849,9.44961802333131,21.1726273298005,15.8696696086154,16.0046382505889,11.7688516723598,0.589275179576213,0.0252509992569685,0.986290037631989
690,15.602157175564,19.048576994356,15.5857951174384,19.355148620548,5.30344331638227,8.06755399877136,20.8699481524634,3.44641981879198,3.76935350310966,2.76411068238908,0.535311498093846,0.0236715413630009,0.979361355304718
691,10.0513285396792,17.1712884406555,10.0278704159398,17.371312399803,0.358478593978396,5.92023560406668,19.5802082286502,7.11995990097629,7.34344198386323,5.56175701008828,0.465662837283006,0.0327197052538395,0.981121361255646
692,5.62761527449071,14.3896539007687,5.66333362140815,14.277811900123,-3.83306545597627,1.50591011199428,18.933892901588,8.76203862627803,8.61447827871488,5.33897556797055,0.474403456856927,0.0251694042235613,0.982357978820801
693,0.878965754927387,11.9142722885709,0.877993725504051,11.8526302569543,-3.57562544809019,4.86519786725941,14.3978706184552,11.0353065336435,10.9746365314503,8.4408233153496,0.307204533551203,0.0109464973211288,0.980502188205719
694,15.8755297433118,18.5209785502722,15.8637283921588,18.830471084895,6.60479972634877,8.62833671013239,21.9850785825088,2.64544880696045,2.96674269273622,2.02353698378361,0.662190853079246,0.0627412721514702,0.984768867492676
695,10.438394639536,19.8224540540338,10.4482573714446,20.0311592799715,1.19109388561378,9.86157476208247,20.5789111146419,9.38405941449778,9.58290190852692,8.67048087646869,0.614440174978525,0.043980561196804,0.985573470592499
696,6.82847389357233,13.754079937091,6.67182206456817,13.682451274532,2.10206032017316,7.46708495624748,13.6063585439538,6.92560604351871,7.01062920996386,5.36502463607432,0.593090032266043,0.0448360778391361,0.988066673278809
697,1.5341328272443,17.434084523669,1.55864806130622,17.5876250391929,-3.5864150376777,8.96654076258357,18.8027610653632,15.8999516964247,16.0289769778866,12.5529558002613,0.619018506690254,0.0247700624167919,0.987435579299927
698,16.1394262862097,18.3757792444901,16.1517000888732,19.0410946997606,8.17933020535867,10.6971529580437,22.1104747307466,2.2363529582804,2.88939461088735,2.51782275268505,0.514033973538462,0.0194033700972795,0.980270981788635
699,9.30606825031345,15.3083275451587,9.35273278202869,15.2641896307439,-1.64548634445854,4.13872145737209,20.416241382142,6.00225929484522,5.91145684871517,5.78420780183063,0.3232975488646,0.0111023690551519,0.983384847640991
700,5.18657400264026,11.9112532910356,5.21408828888791,11.6503167528419,-2.88119243543015,2.67508195164634,15.7042693263505,6.72467928839539,6.43622846395395,5.55627438707649,0.283013334092376,0.00882749073207378,0.973199307918549
701,1.35072620072144,10.6896620009702,1.30250902923934,10.3529898778697,-4.05664091189029,3.11969745577391,14.305065133689,9.33893580024874,9.0504808486304,7.1763383676642,0.298646710234643,0.0100746052339673,0.981484174728394
702,16.1727323600328,19.614899309896,16.1662086787016,20.0132314144433,5.1709695568729,9.27704052952812,22.3062819894054,3.44216694986314,3.84702273574171,4.10607097265522,0.317456637978676,0.0114813940599561,0.98430460691452
703,10.5787907772121,16.4907494625961,10.5637030756044,16.6769030491252,-0.183652631294954,5.73841019520626,19.0740535615338,5.91195868538407,6.11319997352078,5.92206282650121,0.387139867969419,0.0120775615796447,0.987252652645111
704,6.64245255500052,12.2162883629785,6.54188044907875,11.9946766246168,-0.185427491629916,5.94373099846668,15.2409415094649,5.57383580797795,5.45279617553806,6.12915849009659,0.415651059154321,0.00967707764357328,0.980338990688324
705,0.517311420957999,9.83523662329612,0.504700087065339,9.56759722156346,-5.45519433072511,1.82344245896647,13.883476294195,9.31792520233813,9.06289713449812,7.27863678969158,0.1870140825067,0.0101040797308087,0.978752076625824
706,15.7919656824448,20.0276117226803,15.7978089800487,20.513058587652,6.21834394858248,9.33920481022669,21.5967989733524,4.2356460402355,4.71524960760335,3.12086086164422,0.711746309082532,0.0734103322029114,0.981864094734192
707,10.8104602851678,19.3788937052465,10.8124876527218,19.5427783311309,1.87992200644715,9.30006236146989,20.2713211250176,8.56843342007869,8.7302906784091,7.42014035502274,0.621479828656097,0.0562861226499081,0.983793079853058
708,5.47160191684417,17.0773781369989,5.46227388544591,17.188567226759,-1.11858162368994,6.22559132260298,19.2563801984396,11.6057762201547,11.7262933413131,7.34417294629292,0.56532982576485,0.0533816888928413,0.984033823013306
709,1.43779683111151,16.9851847776135,1.43462965977299,17.138783795408,-1.17564635915995,10.6825050232075,19.7656941768398,15.547387946502,15.7041541356351,11.8581513823675,0.557614474932105,0.0308474749326706,0.987459659576416
710,16.4230464130876,20.0503689999508,16.4171268913745,20.7567844708083,10.597632935301,14.0564536097964,22.5342761362788,3.62732258686324,4.33965757943381,3.45882067449541,0.717959112387901,0.0341294929385185,0.983361184597015
711,10.6687648229456,18.4344756668683,10.6764706542123,18.6450820210659,3.72099812915792,9.06009887382543,21.6821335615991,7.76571084392265,7.96861136685363,5.33910074466751,0.559483902595624,0.0280260313302279,0.983823776245117
712,5.12052558279066,15.2806858242563,5.10820943663803,15.177826997337,-3.005856913488,2.98246612067454,19.4954412250361,10.1601602414657,10.069617560699,5.98832303416254,0.489228709371565,0.0156780201941729,0.983960449695587
713,1.28763652864769,15.6339536517691,1.38489157500529,15.6408605011733,-4.35361677088737,6.27152842100129,16.4687093526536,14.3463171231214,14.255968926168,10.6251451918887,0.394350896059939,0.0140228904783726,0.984835684299469
714,16.6466524957278,20.5029983078592,16.6351608444982,21.11853194998,10.0369619367759,13.3427213932298,22.7137305640568,3.8563458121314,4.48337110548181,3.30575945645393,0.745480465514314,0.0588379874825478,0.982623398303986
715,10.4133843409434,18.2045869694566,10.3863489373809,18.4371505045345,1.58600865195241,7.97190551556391,19.5482411718491,7.79120262851316,8.05080156715366,6.3858968636115,0.63138753566101,0.0396953858435154,0.985533535480499
716,5.93814397108487,16.6516352456075,5.93821071847679,16.6895878613719,-1.25351318406011,6.96443456924171,17.8028668265337,10.7134912745226,10.7513771428951,8.21794775330182,0.632942228974399,0.0593888275325298,0.983618438243866
717,0.319730439626384,14.9158047941706,0.289811973973337,14.8266362305075,-5.51389280259231,5.32257581639696,17.2415140731377,14.5960743545442,14.5368242565341,10.8364686189893,0.440282307705262,0.0297521371394396,0.985005378723145
718,15.228067153029,19.6668101287097,15.2615038886818,20.0423100586104,4.91058577605575,9.36006460695597,23.7870648206315,4.43874297568073,4.78080616992864,4.44947883090023,0.444490806225795,0.0120476316660643,0.98136293888092
719,10.3276328780564,15.0429831401872,10.3057313254036,15.6389957507359,0.961012598237303,5.13284272500363,18.5232763776055,4.71535026213079,5.33326442533233,4.17183012676633,0.356728788294275,0.0096166068688035,0.973896086215973
720,6.46948232459632,16.3481848924084,6.45538429004091,16.4058791234829,1.83445236285659,9.61347175587163,17.5523626295467,9.87870256781204,9.95049483344199,7.77901939301504,0.543708989118584,0.0176041759550571,0.983343541622162
721,0.979154707880609,7.41420994031682,0.885555777245439,6.68060773687534,-4.68420930490826,-0.0894594481498028,13.2300590529694,6.43505523243621,5.7950519596299,4.59474985675846,0.265208190802854,0.00878036674112082,0.97630649805069
722,16.5151648462359,18.9060188991649,16.5278640464512,19.3865090744124,8.02527018301354,10.7666968656687,22.3157925361353,2.39085405292898,2.85864502796116,2.74142668265519,0.469064326827985,0.0143182957544923,0.984085917472839
723,11.1102947615646,16.1029211069305,11.1033018662545,16.1763421195171,1.34472009133793,6.32338409701531,19.5707837622842,4.99262634536588,5.07304025326259,4.97866400567738,0.520559289828841,0.0162582322955132,0.983326613903046
724,5.42902007405367,14.8511604295107,5.47930699298934,14.8148757111807,-2.64515185498799,4.73700665058922,18.0793322918666,9.422140355457,9.33556871819138,7.38215850557721,0.340445592158527,0.0108013469725847,0.983614444732666
725,0.523816805248954,11.9058312058178,0.582729262440744,11.6177888491531,-4.22829442574519,4.38543763682024,15.1750769813382,11.3820144005688,11.0350595867124,8.61373206256543,0.24785377732892,0.0110366186127067,0.978596329689026
726,16.3344306072277,21.1021666437718,16.3315740885552,22.0250894405765,7.18910760994407,11.3388667316186,23.9789238694114,4.76773603654405,5.69351535202125,4.1497591216745,0.702958768530127,0.0455061569809914,0.981694519519806
727,9.78597793240599,16.2620562632332,9.79865162678492,16.3834823404238,0.410767115690308,6.29133659366612,17.3013724276969,6.47607833082723,6.58483071363886,5.88056947797581,0.648174606325892,0.0596698150038719,0.983522057533264
728,5.98363110695086,16.3454206679333,5.96232175036906,16.3160023551327,0.674458990718273,8.19365990600274,18.1149434604136,10.3617895609824,10.3536806047636,7.51920091528447,0.562801902422565,0.047030333429575,0.984921157360077
729,1.57459724175935,15.8394901581799,1.55935968681846,15.7979123562525,-3.28240929858511,7.61437167498462,17.7842835751598,14.2648929164205,14.238552669434,10.8967809735697,0.661960389508299,0.056557297706604,0.985684871673584
730,15.5907914178948,19.6540060474484,15.5951564650082,19.9393991915092,8.00303197497148,10.4240127894545,23.3723805437156,4.06321462955354,4.34424272650098,2.42098081448298,0.614958154772862,0.0431544408202171,0.98404598236084
731,11.163068035402,17.5449272534435,11.1544614933896,17.6148727707265,2.77399295239394,8.15796819309816,21.0421844882284,6.38185921804151,6.46041127733689,5.38397524070422,0.637898673568273,0.0312878675758839,0.982922196388245
732,5.38248205632015,15.08065855075,5.38862752500252,15.0069675257828,-1.84992089692458,4.48647945631047,19.6887143485786,9.6981764944298,9.61834000078032,6.33640035323505,0.486981709065461,0.0338203199207783,0.982646584510803
733,1.32976440120094,14.4235510452864,1.40319362492283,14.3981642789055,-3.24193849611793,6.4009036421471,16.4302881123129,13.0937866440855,12.9949706539826,9.64284213826504,0.460766187797295,0.0158578585833311,0.984254360198975
734,15.7547939897215,21.3246235165469,15.7660895659909,22.3314187149053,9.71765182888835,13.2688474752271,23.7107665417579,5.56982952682534,6.56532914891442,3.5511956463388,0.703541058331683,0.0610115304589272,0.984004497528076
735,11.4487319361265,18.6480176426172,11.4104299711683,18.8107273018319,6.05683165147524,11.3849029192185,19.2469567069414,7.19928570649066,7.40029733066353,5.32807126774326,0.748343802977902,0.0629508197307587,0.986574232578278
736,6.09093555304175,17.8038854733254,6.09855718376913,17.9172517749054,-0.673213845113016,8.32977109547675,20.1084125373604,11.7129499202836,11.8186945911362,9.00298494058977,0.663689963079831,0.049776516854763,0.98425704240799
737,1.52209732182535,15.4623784541788,1.45183484296359,15.4064277918465,-3.67528383017133,7.36234250487195,17.2603132383768,13.9402811323535,13.9545929488829,11.0376263350433,0.537771485468788,0.0193662159144878,0.986020982265472
738,15.955682921384,18.4861303560062,15.9502528503698,18.9311980367135,5.89975162843823,8.62714053482949,22.3193646393085,2.53044743462217,2.98094518634364,2.72738890639126,0.477538471557066,0.0172785129398108,0.977324426174164
739,11.0190502913014,16.1499184821408,11.0406796612617,16.1635244972378,3.06321342151055,7.18838612495475,20.7320691431265,5.13086819083942,5.12284483597609,4.1251727034442,0.496289208545298,0.01526103541255,0.983488142490387
740,6.94556638339259,13.0695006764556,6.99085493078115,12.8799301314111,1.14771375316919,6.9952792369342,16.5145606936989,6.12393429306302,5.88907520062994,5.84756548376501,0.415927550772394,0.00892359204590321,0.9832763671875
741,1.4213410465347,7.79059134180987,1.49180873017583,7.03303680116067,-1.85990854085034,2.86762434348021,12.9945659324023,6.36925029527517,5.54122807098484,4.72753288433054,0.269792558689195,0.00786212366074324,0.97585129737854
742,16.0674102484502,19.5001050903786,16.0681289381509,20.0215474087785,5.61712330223771,9.39131672016969,22.3940849540012,3.4326948419284,3.9534184706276,3.77419341793198,0.519051269648409,0.0124363582581282,0.982031583786011
743,10.5027941458595,16.5251669331028,10.4789824214004,16.6768695169232,0.578129714195294,6.90536483859564,17.991921034016,6.02237278724329,6.19788709552279,6.32723512440035,0.394597714792813,0.00905100349336863,0.980750739574432
744,4.93010546329454,12.6760074243619,4.87464279384154,12.5400985439191,-3.93935155451825,3.62691975774277,15.1463271019956,7.74590196106741,7.6654557500776,7.56627131226102,0.247044180742404,0.00856388825923204,0.977399230003357
745,1.29484780826576,8.68887883214598,1.42284119348173,8.20246956790061,-3.98386031589506,3.68458270230253,11.8604206132422,7.39403102388022,6.77962837441888,7.66844301819758,0.291371003576203,0.0113559095188975,0.980530381202698
746,15.6622024055606,20.8835261048905,15.6540357300815,21.5495178596388,7.92492732151312,11.9611447681894,22.4229309128753,5.22132369932993,5.89548212955733,4.03621744667629,0.66193668737278,0.0429488979279995,0.982174634933472
747,10.9189849307688,19.0935160199389,10.9196548173341,19.2332969593104,2.35509376711455,9.48877496459397,20.8880048966473,8.17453108917005,8.31364214197637,7.13368119747942,0.710542194953261,0.0530956648290157,0.985099375247955
748,6.63919868472613,18.3228978783011,6.64160801335328,18.4454827156681,1.91239225676002,11.9823358035921,18.6247079282656,11.6836991935749,11.8038747023148,10.0699435468321,0.712562232616835,0.0667280629277229,0.986537933349609
749,1.02037513685193,15.5793010614777,1.05552495879364,15.5785475237042,-4.10476228112906,7.00644467564091,16.8988493096959,14.5589259246258,14.5230225649106,11.11120695677,0.623512477282286,0.0479142889380455,0.986015439033508
750,16.4104103424519,19.2766302032962,16.4127620127972,19.6794479859438,9.40560675842104,12.2531792890524,22.4073043754254,2.8662198608443,3.26668597314659,2.84757253063132,0.695238214699148,0.0448090918362141,0.983483195304871
751,9.89951630277985,18.6139459158556,9.90680591212012,18.7590465538012,0.158375830367703,6.58243994537263,20.7547112993689,8.71442961307574,8.85224064168111,6.42406411500493,0.586191246714659,0.0338511690497398,0.985071539878845
752,5.10560910433823,15.564327600717,5.09732278616125,15.5413080261757,-3.24380302418512,4.0360987944851,18.597120230507,10.4587184963788,10.4439852400145,7.27990181867022,0.3382018729258,0.0106222704052925,0.98317164182663
753,-0.00976478969386598,15.1186284404315,0.0229879970516662,15.0351706148224,-4.74893771096002,4.07581151082769,17.3357698485978,15.1283932301253,15.0121826177707,8.8247492217877,0.343747432670739,0.0126727391034365,0.98328560590744
754,17.0840658971903,20.4546789811849,17.0851314677038,21.0141349398697,14.378119408711,14.2763088152567,23.8783399156073,3.37061308399457,3.9290034721659,-0.101810593454326,0.743699367498152,0.0527522042393684,0.984304010868073
755,10.5574292079795,18.0279403785304,10.5227330155886,18.4130556758755,2.86095249970338,9.24687292208808,18.5074405639031,7.4705111705509,7.89032266028693,6.3859204223847,0.665579883806621,0.0440199375152588,0.984711110591888
756,6.62607912826818,18.9601992758094,6.65704147181363,19.1571459689686,1.94564925122421,12.0847639951689,20.4814602511204,12.3341201475412,12.5001044971549,10.1391147439447,0.737070526237631,0.0586059167981148,0.986869037151337
757,1.65833732866804,13.0458778792133,1.61474817974378,12.8254386288417,-1.38640392941333,5.68097454467762,16.5295001895545,11.3875405505452,11.2106904490979,7.06737847409095,0.646400705432185,0.0397851467132568,0.984477877616882
758,15.7943541726111,18.4876019748379,15.7590295099572,19.0044458372291,5.75861061304895,9.15508244520444,21.4441028633426,2.69324780222684,3.24541632727194,3.39647183215549,0.382464120225182,0.00886972900480032,0.982608437538147
759,10.3837157955716,17.6786446148361,10.3882182511038,17.8172963141965,1.61540664177034,6.6703787946072,22.5052644103146,7.29492881926447,7.42907806309269,5.05497215283686,0.564702546212777,0.0189310982823372,0.981127738952637
760,6.13927262142427,12.7008297874216,6.09832519346729,12.512433571477,-2.45434233385365,3.66886260197937,16.6781459812696,6.56155716599733,6.41410837800973,6.12320493583302,0.327706587297859,0.00870139244943857,0.981363534927368
761,0.425384689230513,14.5946973771695,0.554829476725814,14.5138879651943,-2.86391732978026,6.40891389432857,16.1994003499656,14.169312687939,13.9590584884685,9.27283122410882,0.484086286994564,0.0139264157041907,0.984327018260956
762,15.9797869472176,19.5361813490081,15.9781807937355,20.0230327800733,7.00419564998971,10.622560550925,21.4808065393372,3.55639440179052,4.04485198633779,3.61836490093528,0.557852695145518,0.0441970154643059,0.984093546867371
763,10.5425783173459,16.2185779368324,10.5160889506414,16.5099227292406,2.69567524567959,8.94420800199224,18.6360736410134,5.67599961948649,5.99383377859918,6.24853275631265,0.388271292883084,0.0102343140169978,0.97995513677597
764,5.81164782010118,16.4354508690772,5.78625822004803,16.4162388228364,0.0729160069940833,6.88215045863088,19.2769673488498,10.623803048976,10.6299806027884,6.8092344516368,0.46052998229181,0.0129777817055583,0.984892606735229
765,2.06166691130438,8.83989314848278,2.00076750520243,8.23201318324377,-3.79848613687976,2.92048798441469,11.9870056406639,6.7782262371784,6.23124567804135,6.71897412129446,0.220851926022708,0.0143324891105294,0.982472538948059
766,16.7353867994474,15.6933136172998,16.7325782574084,15.7930577466179,9.01185245364595,9.18898492582162,22.0385348779121,-1.04207318214754,-0.93952051079056,0.177132472175671,0.701978501102473,0.115067392587662,0.98715603351593
767,11.0228122154976,18.8689801788946,11.0338956466451,19.2035472764472,3.78870753627722,10.0793608555381,22.024094503208,7.84616796339703,8.1696516298021,6.29065331926093,0.730915385060481,0.0687811225652695,0.983500003814697
768,4.70983346990091,15.1469260248865,4.67890625699075,15.0497141447425,-4.2260410334838,3.5735552874153,15.5902911608772,10.4370925549856,10.3708078877518,7.7995963208991,0.448917146378467,0.0441724881529808,0.983508408069611
769,1.30165295954235,16.5018644994613,1.3541177878925,16.6011978622009,-2.38598106339006,8.89974088270982,17.6509617831988,15.200211539919,15.2470800743084,11.2857219460999,0.555428025763888,0.0189896170049906,0.98691737651825
770,16.2556244352792,19.9974406771685,16.2673049224494,20.4505202977369,8.71029537092621,12.1635466907251,22.3298153407644,3.74181624188927,4.18321537528745,3.45325131979891,0.67160408149349,0.0453723631799221,0.983467400074005
771,10.992536234088,16.9000819839709,11.012504123815,16.9581733585728,2.03082869679259,7.58863989025135,20.1761127168555,5.90754574988292,5.94566923475777,5.55781119345876,0.558174946535413,0.0280371326953173,0.982381999492645
772,5.06779112195048,14.6090926816197,5.04717603654692,14.5820164058882,-2.94218805991428,4.15270692822744,16.7852269078648,9.54130155966926,9.53484036934127,7.09489498814172,0.32336786704853,0.0106828464195132,0.984417200088501
773,1.61646628399729,14.6489888507572,1.62037930434604,14.5953863797258,-3.26717254097645,5.640486303175,18.4174343846897,13.03252256676,12.9750070753797,8.90765884415144,0.418007998704717,0.0143232373520732,0.98128616809845
774,15.7869594120076,20.4737576035147,15.8027545560531,21.0765247987456,7.44908248076547,12.0370243387604,24.3085367539048,4.68679819150705,5.27377024269254,4.58794185799491,0.691392274164736,0.0453799739480019,0.983227133750916
775,11.5378581298078,16.0649093968484,11.4953173868812,16.1262251174285,3.40077107763514,7.42829970176987,16.6088025578549,4.5270512670406,4.63090773054735,4.02752862413472,0.676285185198701,0.0442398712038994,0.984929144382477
776,5.45066303358831,18.5821789552643,5.49192491129511,18.6691136356193,-1.83380552317311,8.27661045162621,19.9284655698482,13.131515921676,13.1771887243242,10.1104159747993,0.673452442957843,0.0588156916201115,0.985453963279724
777,-0.681012932940705,14.8864638608422,-0.75811028719766,14.8336202766206,-6.06221355538803,4.56575049048563,15.7312905605741,15.5674767937829,15.5917305638182,10.6279640458737,0.349959473144445,0.0153954681009054,0.985675036907196
778,16.0442359170248,19.797488941715,16.0530924863833,20.3011544111056,6.18449058279783,8.65101121625942,23.8243143201182,3.75325302469021,4.24806192472225,2.46652063346159,0.589243688611205,0.0368874594569206,0.98121452331543
779,11.8574494674728,16.1524736493974,11.8663823221829,16.1947408588831,4.96142934455375,8.67838157526081,19.3648308470804,4.29502418192468,4.32835853670022,3.71695223070707,0.485014477777099,0.0108687561005354,0.986325919628143
780,5.9981823432679,13.0605401231633,5.97046052326208,12.9505611472173,-1.54452012506001,4.04261289860902,16.2936283786767,7.0623577798954,6.98010062395519,5.58713302366903,0.312979613979596,0.00874163210391998,0.979621171951294
781,1.45071434694653,11.9515387024161,1.50042239677326,11.6994912254261,-3.09792534520965,5.50840437743084,14.4640003005879,10.5008243554696,10.1990688286529,8.60632972264049,0.433450290778355,0.00974596664309502,0.98205029964447
782,16.8539771167283,19.0985684529464,16.8348713033087,19.4857152286953,8.31419858991398,10.2984739737835,21.6686311364435,2.24459133621813,2.65084392538659,1.98427538386954,0.618984107610468,0.0511951223015785,0.983448266983032
783,11.0809395460467,16.3023369809319,11.1062872752686,16.3233170095852,2.90506667415469,8.56596844362744,17.3983011517027,5.22139743488521,5.21702973431654,5.66090176947275,0.42483700930959,0.0113272238522768,0.985184550285339
784,6.42012057089358,14.4536741111457,6.42178777156917,14.3681918382086,-0.625882826594998,5.35619183930373,18.7924982199448,8.03355354025212,7.94640406663944,5.98207466589873,0.524481882848392,0.0207889303565025,0.981663227081299
785,1.09065654753361,8.88430930781561,1.12162112981782,8.33011634664665,-4.04670097069093,2.55867367835478,13.3846433378883,7.793652760282,7.20849521682883,6.6053746490457,0.336248094519369,0.0103066703304648,0.980767011642456
786,15.7633102221377,20.0786686505531,15.7607799685856,20.5080310763773,7.41714403870025,11.4017454372401,22.199354876753,4.31535842841539,4.7472511077917,3.98460139853987,0.708516782458554,0.0737544894218445,0.983738780021667
787,10.3764698392837,19.2856464273969,10.365085066088,19.4301036852663,1.27550819218399,8.85841878289373,20.0326449190365,8.90917658811329,9.06501861917831,7.58291059070974,0.652042113960686,0.0638247728347778,0.986816465854645
788,5.39139077703298,18.0845484402631,5.43957267094054,18.1848975499907,-1.74795781257855,8.1077688807416,20.1810068194669,12.6931576632301,12.7453248790502,9.85572669332015,0.500491445995407,0.0448354668915272,0.986531674861908
789,1.75071142460045,16.3961541037906,1.76473255513092,16.3799457673035,-3.46166329685425,8.0978358285173,17.9050923284463,14.6454426791902,14.6152132121725,11.5594991253716,0.609649013450727,0.0408124960958958,0.985753893852234
790,15.6554384694493,20.4513094607299,15.6622546717803,21.00787243896,6.02841631183657,10.5266635422197,22.5570995019953,4.7958709912806,5.34561776717967,4.49824723038309,0.614291454267055,0.0398692190647125,0.983298480510712
791,10.2658255675015,16.8333715813283,10.2514351591506,16.8938467204346,-0.0625902135748234,6.26229769826621,17.9719286924255,6.5675460138268,6.64241156128405,6.32488791184104,0.49074981443356,0.0250224601477385,0.983071386814117
792,6.38028865852356,16.8816317685178,6.35604768908975,16.9328089887518,2.12434185574114,9.08257031026049,19.3378634655872,10.5013431099942,10.576761299662,6.95822845451935,0.633365528345506,0.0312790013849735,0.984314322471619
793,1.04340881640227,15.4779345044849,1.08373902364827,15.4896267305142,-3.36866604601997,6.01200093133877,18.0884299109256,14.4345256880827,14.405887706866,9.38066697735874,0.403335296407332,0.0168989989906549,0.982750296592712
794,15.2223342602443,19.7114244163356,15.2251975537367,20.1143493123158,7.28895308788031,9.95017906653003,21.560944833351,4.48909015609132,4.88915175857917,2.66122597864972,0.684775628207964,0.0540554262697697,0.985352456569672
795,10.6264547920598,17.751637084882,10.5975007368,17.8447008016609,0.543459247091803,7.64458899930765,18.1403672508604,7.12518229282221,7.2472000648609,7.10112975221585,0.666618294367115,0.0325510464608669,0.985617220401764
796,6.54585003434001,17.0858329929681,6.50632987273123,17.1379730412314,1.62606344609913,10.3472498726348,17.5160196795673,10.5399829586281,10.6316431685002,8.72118642653571,0.707073228466496,0.0688764229416847,0.986130774021149
797,1.36962529159344,16.7319428248438,1.27796126168185,16.757014064218,-3.25952174684008,9.23904473016784,17.0838837212965,15.3623175332504,15.4790528025361,12.4985664770079,0.679455893348565,0.0406236052513123,0.986924648284912
798,16.159694402578,18.3510465261647,16.1543908004778,19.0470162222925,6.1504684946672,9.30173966583198,22.6258585106386,2.19135212358665,2.89262542181467,3.15127117116477,0.497393666378667,0.0107869990170002,0.976394474506378
799,10.0986672819645,16.0123657821953,10.0744701388834,16.0340874339842,-0.790626498292425,3.18604384069349,20.2481916637882,5.91369850023078,5.95961729510083,3.97667033898592,0.418486738225521,0.00998730305582285,0.984268248081207
800,6.57892062419654,16.1311172172848,6.61338749499138,16.1895342975478,1.26897146241459,8.35892170072247,19.1702088743982,9.55219659308824,9.5761468025564,7.08995023830789,0.495699045916789,0.0123065458610654,0.985672950744629
801,1.81025728736154,12.1338004980002,1.84583918367914,11.900650008567,-0.78598059433292,6.49242868355682,14.8719234602382,10.3235432106387,10.0548108248879,7.27840927788974,0.400544775520776,0.00987033918499947,0.983524441719055
802,15.2871603711403,19.815378903052,15.2986077265618,20.2314463975353,4.11540602784028,8.53437873019119,23.1790680936055,4.52821853191166,4.93283867097349,4.41897270235092,0.43718423288841,0.0239895302802324,0.985898852348328
803,10.9816865976449,16.4010382549563,10.9488844792988,16.467856414151,2.35090699212729,7.88805896833595,17.8826270988965,5.41935165731142,5.51897193485216,5.53715197620865,0.472090784221917,0.0310896337032318,0.983490765094757
804,6.45632243999192,15.7679286350221,6.51901151095811,15.8208581592484,-1.33154484558646,7.29307297685289,16.9030475540155,9.31160619503022,9.30184664829029,8.62461782243936,0.459854334499371,0.0103869028389454,0.983043015003204
805,0.669258413080946,11.2700173171954,0.581565911951837,10.9391350057896,-4.89589753242485,2.22649082230213,15.0630391842254,10.6007589041145,10.3575690938378,7.12238835472698,0.271677801802046,0.00999102927744389,0.984595835208893
806,16.0159619033251,20.2291794594044,16.0140320282899,20.7554009218347,6.94647950079301,10.917653182827,23.8479996664033,4.21321755607931,4.74136889354489,3.97117368203402,0.742969915942141,0.0511580854654312,0.982662796974182
807,10.3864300040109,20.210017602491,10.3694499110751,20.2746596829562,-0.230039298960278,7.27178842203574,24.0670369633664,9.82358759848008,9.90520977188112,7.50182772099601,0.661769390654903,0.0546149834990501,0.986285209655762
808,6.29952540444579,17.4162933664533,6.2817738067001,17.4359455019267,0.457298416202387,8.67567523936992,20.3860754256054,11.1167679620075,11.1541716952266,8.21837682316753,0.669396415660718,0.0609944462776184,0.986162066459656
809,1.06460870597473,16.3185481157711,1.04721033719366,16.440888612463,-3.09108798340982,7.18183958404199,17.7979130275903,15.2539394097964,15.3936782752693,10.2729275674518,0.564643860959761,0.0344346947968006,0.986297249794006
810,15.1521332707244,19.4451662687259,15.1213304211483,19.7793119102052,3.96425535108671,7.89343364526279,21.0514620639417,4.29303299800159,4.65798148905693,3.92917829417608,0.605225348628187,0.0506176017224789,0.98343151807785
811,10.2885553700852,18.1881777074237,10.312129077997,18.3694720801155,2.0719797457663,8.02266236753478,20.2239238043954,7.89962233733856,8.05734300211842,5.95068262176849,0.592553320426481,0.0445942543447018,0.984629809856415
812,6.44854484676291,12.4015412847081,6.43821568703494,12.1609294999176,-0.224095617043652,6.25780037580999,17.060884818315,5.95299643794521,5.72271381288268,6.48189599285364,0.446222094820565,0.0146313486620784,0.981408059597015
813,0.350206462944934,14.6601523559045,0.377987362845472,14.7818198155783,-4.53781205678053,4.89811664331593,17.8214706718721,14.3099458929596,14.4038324527328,9.43592870009646,0.350683075210425,0.0129068093374372,0.984694123268127
814,16.593363707232,20.819147865555,16.5931421932693,21.2505593979545,8.70802408903276,12.3597504761885,24.031590508609,4.22578415832295,4.6574172046852,3.6517263871557,0.719354736133122,0.0462468080222607,0.983297109603882
815,4.7996012958049,15.1495925685893,4.72945543068197,15.1584599898042,-3.25411128014242,5.39774083207791,15.266101531687,10.3499912727844,10.4290045591222,8.65185211222034,0.524684362211722,0.0428926609456539,0.984182894229889
816,1.19362366565805,10.6943549253746,1.18377021402928,10.3290689892669,-4.24031290611848,3.43812143648469,13.8928653523698,9.50073125971659,9.14529877523757,7.67843434260317,0.307665749988825,0.010399860329926,0.98136031627655
817,1.0244032020453,6.98989815013684,1.0309255981231,6.07717485461583,-4.01036465435989,1.23467135755093,11.7101812019976,5.96549494809154,5.04624925649273,5.24503601191082,0.274983246356514,0.00855430588126183,0.96726930141449
818,11.1675756831692,18.2069779596021,11.1875319563729,18.4268326218984,3.1174242888318,10.2138329036013,19.3453641421693,7.03940227643287,7.23930066552556,7.09640861476952,0.695684059684706,0.0389272160828114,0.984276175498962
819,9.9982566562275,15.2115740806861,9.97394838533173,15.3613342950348,0.962968550846071,6.87642403747565,16.6352871656964,5.21331742445857,5.38738590970311,5.91345548662958,0.317949330054414,0.00912385247647762,0.982584834098816
820,6.65010039947336,12.0324036391515,6.66192510360151,11.7690409999074,0.233457983674001,6.18718049790577,15.9245695668419,5.38230323967814,5.10711589630585,5.95372251423177,0.491664406750727,0.00920545496046543,0.980243146419525
821,6.27825595189067,14.6751456784273,6.28798137675974,14.6884873201334,-0.673930339262496,7.19232528179188,16.3045574510498,8.3968897265366,8.40050594337369,7.86625562105438,0.421396241027501,0.0119431065395474,0.981899738311768
822,9.93729930533198,16.2081684628082,9.94362685271522,16.3548146402246,-1.00683054102762,4.93797120917738,19.2093839180657,6.27086915747626,6.41118778750939,5.944801750205,0.31175945395465,0.00901111122220755,0.977582514286041
823,10.3043471361985,18.9455962096907,10.2794840988567,19.0380996404612,-0.0893988988716108,7.53591818630551,20.5108446729622,8.64124907349219,8.75861554160455,7.62531708517713,0.598139472201587,0.0454412810504436,0.986413896083832
824,0.300211340066434,16.4902682389428,0.282465163782555,16.44564295387,-4.84716152814373,5.13067011148732,17.4536506937931,16.1900568988763,16.1631777900875,9.97783163963105,0.575644487902827,0.0314824730157852,0.986883819103241
